time,session,mq8_1,mq8_2,mq8_1_change,mq8_2_change,mq8_1_avg_10,mq8_2_avg_10,status,label,us1_raw_cm,us1_clean_cm,us1_swell_mm,us1_rate_mm,us1_std_10
2048,AEGIS_001,715,715,513,497,458.5,466.5,NORMAL,0,10.024835707650562,10.024835707650562,-0.24835707650561645,0.0,0.0
3048,AEGIS_001,721,711,6,-4,546.0,548.0,NORMAL,0,9.993086784941442,10.014252733414189,-0.14252733414188867,0.10582974236372777,0.022449878542986402
4048,AEGIS_001,715,720,-6,9,588.25,591.0,NORMAL,0,10.032384426905034,10.020296631244472,-0.20296631244471897,-0.06043897830283029,0.020853784306736376
5048,AEGIS_001,726,723,11,3,615.8,617.4,NORMAL,0,10.0761514928204,10.038914918436449,-0.38914918436448787,-0.1861828719197689,0.03422705250836645
6048,AEGIS_001,721,725,-5,2,633.33,635.33,NORMAL,0,9.988292331263834,10.022040722712244,-0.22040722712244332,0.16874195724204455,0.03541161094343909
7048,AEGIS_001,720,722,-1,-3,645.71,647.71,NORMAL,0,9.988293152152542,10.010791532525678,-0.10791532525677994,0.11249190186566338,0.034689628423451226
8048,AEGIS_001,724,723,4,1,655.5,657.12,NORMAL,0,10.07896064077537,10.033514568608908,-0.3351456860890778,-0.22723036083229786,0.039346902812656626
9048,AEGIS_001,719,723,-5,0,662.56,664.44,NORMAL,0,10.038371736457645,10.035133624558487,-0.35133624558486787,-0.01619055949579007,0.03668979210905671
10048,AEGIS_001,721,722,2,-1,668.4,670.2,NORMAL,0,9.976526280703252,10.01559784327341,-0.1559784327340985,0.19535781285076936,0.038302852278069226
11048,AEGIS_001,720,722,-1,0,720.2,720.6,NORMAL,0,10.027128002179298,10.019441229575373,-0.19441229575372532,-0.03843386301962681,0.036150416672454506
12048,AEGIS_001,706,723,-14,1,719.3,721.4,NORMAL,0,9.976829115359378,10.005237191503374,-0.052371915033742056,0.14204038071998326,0.038876266069555784
13048,AEGIS_001,727,725,21,2,719.9,722.8,NORMAL,0,9.976713512321487,9.995729298442747,0.04270701557253176,0.09507893060627381,0.040340707040189605
14048,AEGIS_001,723,707,-4,-18,720.7,721.5,NORMAL,0,10.012098113578302,10.0011855701546,-0.011855701546004127,-0.054562717118535886,0.03993127204433618
15048,AEGIS_001,723,725,0,18,720.4,721.7,NORMAL,0,9.90433598776711,9.968902376025438,0.3109762397456173,0.3228319412916214,0.04659523958625905
16048,AEGIS_001,735,724,12,-1,721.8,721.6,NORMAL,0,9.913754108374349,9.950519620141742,0.49480379858257706,0.18382755883695978,0.05354330225026537
17048,AEGIS_001,735,738,0,14,723.3,723.2,NORMAL,0,9.97188562353795,9.957641621273812,0.42358378726188306,-0.071220011320694,0.0538282535840391
18048,AEGIS_001,707,723,-28,-15,721.6,723.2,NORMAL,0,9.949358443983279,9.954880562176967,0.45119437823032627,0.027610590968443205,0.0441322987041853
19048,AEGIS_001,720,722,13,-1,721.7,723.1,NORMAL,0,10.015712366629764,9.9751578303279,0.24842169672099956,-0.2027726815093267,0.040968174338707836
20048,AEGIS_001,734,729,14,7,723.0,723.8,NORMAL,0,9.954598796223939,9.968304818959913,0.3169518104008695,0.06853011367986994,0.041310201685415576
21048,AEGIS_001,724,717,-10,-12,723.4,723.3,NORMAL,0,9.929384814933236,9.955331484284354,0.44668515715645896,0.12973334675558945,0.03776623743157037
22048,AEGIS_001,722,732,-2,15,725.0,724.2,NORMAL,0,10.073282438446078,9.994648469004929,0.0535153099507113,-0.39316984720574766,0.052031893167023405
23048,AEGIS_001,728,733,6,1,725.1,725.0,NORMAL,0,9.988711184975672,9.99266937432851,0.07330625671489344,0.019790946764182138,0.052338435387035635
24048,AEGIS_001,733,729,5,-4,726.1,727.2,NORMAL,0,10.003376410234397,9.99623838629714,0.037616137028599894,-0.03569011968629354,0.05165141944640685
25048,AEGIS_001,727,730,-6,1,726.5,727.7,NORMAL,0,9.928762590689328,9.97374645442787,0.2625354557213022,0.22491931869270232,0.048669430791983846
26048,AEGIS_001,728,709,1,-21,725.8,726.2,NORMAL,0,9.97278086377374,9.973424590876494,0.2657540912350598,0.0032186355137575617,0.04406286960530174
27048,AEGIS_001,723,731,-5,22,724.6,725.5,NORMAL,0,10.005546129485493,9.984131770412827,0.15868229587173488,-0.1070717953633249,0.044757442836053346
28048,AEGIS_001,733,719,10,-12,727.2,725.1,NORMAL,0,9.942450321128884,9.970237953984846,0.297620460151542,0.1389381642798071,0.045368961172055675
29048,AEGIS_001,724,726,-9,7,727.6,725.5,NORMAL,0,10.018784900917284,9.986420269628992,0.13579730371008125,-0.16182315644146072,0.04563631554267033
30048,AEGIS_001,720,718,-4,-8,726.2,724.4,NORMAL,0,9.96996806550406,9.98093620158735,0.19063798412650712,0.05484068041642587,0.044872059860655115
31048,AEGIS_001,721,745,1,27,725.9,727.2,NORMAL,0,9.985415312510336,9.982429238561679,0.1757076143832137,-0.014930369743293426,0.04069489013725044
32048,AEGIS_001,720,723,-1,-22,725.7,726.3,NORMAL,0,9.96991466938853,9.978257715503963,0.217422844960371,0.041715230577157314,0.028043301990920193
33048,AEGIS_001,729,722,9,-1,725.8,725.2,NORMAL,0,10.092613909225447,10.01637644674446,-0.16376446744459372,-0.38118731240496473,0.045827231035321804
34048,AEGIS_001,719,720,-10,-2,724.4,724.3,NORMAL,0,9.999325138763103,10.010692677417342,-0.10692677417342367,0.05683769327117005,0.045703377640955056
35048,AEGIS_001,718,731,-1,11,723.5,724.4,NORMAL,0,9.947114453552205,9.989499936128965,0.10500063871035081,0.21192741288377448,0.04334314306819137
36048,AEGIS_001,718,720,0,-11,722.5,725.5,NORMAL,0,10.041127245605159,10.006709039287696,-0.06709039287695617,-0.172091031587307,0.04558816602531037
37048,AEGIS_001,722,719,4,-1,722.4,724.3,NORMAL,0,9.938957817501448,9.98412529869228,0.1587470130771962,0.22583740595415236,0.048975147991555446
38048,AEGIS_001,720,720,-2,1,721.1,724.4,NORMAL,0,10.010443179750238,9.992897925711599,0.07102074288400928,-0.0877262701931869,0.04619356135940743
39048,AEGIS_001,725,720,5,0,721.2,723.8,NORMAL,0,9.902016493806011,9.962604115076402,0.3739588492359758,0.3029381063519665,0.054236097570229784
40048,AEGIS_001,726,721,1,1,721.8,724.1,NORMAL,0,9.93359069755508,9.952932975902629,0.470670240973714,0.09671139173773824,0.056577172756352025
41048,AEGIS_001,721,720,-5,-1,721.8,721.6,NORMAL,0,10.009843061793456,9.971903004532905,0.280969954670951,-0.18970028630276303,0.057261731774971
42048,AEGIS_001,725,731,4,11,722.3,722.4,NORMAL,0,10.036923328999771,9.99357644602186,0.06423553978139651,-0.21673441488955447,0.059252121946311506
43048,AEGIS_001,720,722,-5,-9,721.4,722.4,NORMAL,0,10.008568414059498,9.998573768701073,0.014262312989270498,-0.04997322679212601,0.04819761516995297
44048,AEGIS_001,720,724,0,2,721.5,722.8,NORMAL,0,9.994217585880588,9.997121707760911,0.028782922390888643,0.014520609401618145,0.04802970285956277
45048,AEGIS_001,722,720,2,-4,721.9,721.7,NORMAL,0,9.984944815220535,9.993062743580786,0.06937256419213611,0.04058964180124747,0.046414827526067175
46048,AEGIS_001,724,727,2,7,722.5,722.4,NORMAL,0,9.92607390048163,9.970733129214402,0.29266870785598087,0.22329614366384476,0.045499670786523026
47048,AEGIS_001,720,724,-4,-3,722.3,722.9,NORMAL,0,9.964007789580265,9.968491349336357,0.3150865066364261,0.022417798780445253,0.043986320781197685
48048,AEGIS_001,725,738,5,14,722.8,724.7,NORMAL,0,9.97696806145201,9.971316920041575,0.28683079958424784,-0.02825570705217828,0.04240921950977919
49048,AEGIS_001,726,738,1,0,722.9,726.5,NORMAL,0,10.052856111310946,9.998496650464698,0.015033495353016235,-0.2717973042312316,0.040871251267426266
50048,AEGIS_001,723,727,-3,-11,722.6,727.1,NORMAL,0,10.017180914478423,10.004724738469275,-0.0472473846927457,-0.06228088004576193,0.036655928169694554
51048,AEGIS_001,720,721,-3,-6,722.5,727.2,NORMAL,0,9.911847992231863,9.973765823056805,0.26234176943194853,0.30958915412469423,0.04503032924177646
52048,AEGIS_001,722,724,2,3,722.2,726.5,NORMAL,0,10.01620419846974,9.987911948194451,0.12088051805548616,-0.14146125137646237,0.04292378904228233
53048,AEGIS_001,712,727,-10,3,721.4,727.0,NORMAL,0,9.980745885979184,9.985523260789362,0.14476739210637746,0.023886874050891294,0.04214162886980371
54048,AEGIS_001,722,730,10,3,721.6,727.6,NORMAL,0,9.966153899984702,9.97906680718781,0.20933192812190526,0.06456453601552781,0.04220933717767859
55048,AEGIS_001,710,710,-12,-20,720.4,726.6,NORMAL,0,10.030583814442043,9.99623914293922,0.037608570607794434,-0.17172335751411083,0.04520099057720235
56048,AEGIS_001,773,764,63,54,725.3,730.3,NORMAL,0,10.051549976124798,10.014676087334413,-0.14676087334413168,-0.18436944395192612,0.04466603698207038
57048,AEGIS_001,750,752,-23,-12,728.3,733.1,NORMAL,0,10.04656400595581,10.025305393541547,-0.2530539354154726,-0.10629306207134093,0.04555026446991662
58048,AEGIS_001,771,735,21,-17,732.9,732.8,NORMAL,0,9.958039123838867,10.002883303640655,-0.028833036406545887,0.22422089900892672,0.04721066539706636
59048,AEGIS_001,777,782,6,47,738.0,737.2,NORMAL,0,9.984539381207439,9.996768662829584,0.03231337170415571,0.0611464081107016,0.04406012215106329
60048,AEGIS_001,789,777,12,-5,744.6,742.2,NORMAL,0,10.016563171570178,10.003366832409782,-0.033668324097817504,-0.06598169580197322,0.044028078418305354
61048,AEGIS_001,784,784,-5,7,751.0,748.5,NORMAL,0,10.048777256356118,10.018503640391895,-0.18503640391895004,-0.15136807982113254,0.03527466041898076
62048,AEGIS_001,790,768,6,-16,757.8,752.9,NORMAL,0,9.976041288107735,10.004349522963842,-0.04349522963842389,0.14154117428052615,0.036742146127720046
63048,AEGIS_001,786,794,-4,26,765.2,759.6,NORMAL,0,9.99071705116681,9.999805365698165,0.001946343018346397,0.04544157265677029,0.03611187154434022
64048,AEGIS_001,793,784,7,-10,772.3,765.0,NORMAL,0,9.944683251299699,9.981431327565343,0.1856867243465743,0.1837403813282279,0.039304307277754136
65048,AEGIS_001,796,797,3,13,780.9,773.7,NORMAL,0,9.940189668795966,9.96768410797555,0.3231589202444951,0.1374721958979208,0.042943232746178485
66048,AEGIS_001,796,797,0,0,783.2,777.0,NORMAL,0,10.04062629111971,9.991998169023603,0.08001830976397173,-0.24314061048052338,0.041480599623188244
67048,AEGIS_001,809,800,13,3,789.1,781.8,NORMAL,0,10.06781200142854,10.017269446491916,-0.17269446491916085,-0.2527127746831326,0.044841952120466676
68048,AEGIS_001,799,793,-10,-7,791.9,787.6,NORMAL,0,9.996399493920983,10.010312795634938,-0.10312795634938254,0.06956650856977831,0.042749785522000594
69048,AEGIS_001,764,799,-35,6,790.6,789.3,NORMAL,0,10.0501766448946,10.02360074538816,-0.2360074538816015,-0.13287949753221895,0.04498443321737105
70048,AEGIS_001,799,806,35,7,791.6,792.2,NORMAL,0,10.018081801252382,10.021761097342901,-0.21761097342901436,0.018396480452587127,0.04502210728094038
71048,AEGIS_001,799,801,0,-5,793.1,793.9,NORMAL,0,9.967744012269744,10.003755402318516,-0.03755402318516232,0.18005695024385204,0.04401864034581168
72048,AEGIS_001,805,805,6,4,794.6,797.6,NORMAL,0,10.01806978027542,10.008526861637485,-0.08526861637484728,-0.04771459318968496,0.043560821100060196
73048,AEGIS_001,809,800,4,-5,796.9,798.2,NORMAL,0,10.0769018283233,10.031318517199423,-0.3131851719942347,-0.2279165556193874,0.04895368308983653
74048,AEGIS_001,801,826,-8,26,797.7,802.4,NORMAL,0,9.998208698044502,10.02028191081445,-0.202819108144503,0.11036606384973169,0.043375614295113094
75048,AEGIS_001,786,801,-15,-25,796.7,802.8,NORMAL,0,10.0782321827907,10.039598668139867,-0.3959866813986679,-0.1931675732541649,0.03765447741167672
76048,AEGIS_001,805,802,19,1,797.6,803.3,NORMAL,0,9.869012744795512,9.982736693691749,0.17263306308251458,0.5686197444811825,0.06328080401160309
77048,AEGIS_001,804,765,-1,-37,797.1,799.8,NORMAL,0,10.041095125218762,10.002189504200754,-0.021895042007535892,-0.19452810509005047,0.061292189092665296
78048,AEGIS_001,794,803,-10,38,796.6,800.8,NORMAL,0,10.004352353411909,10.002910453937805,-0.029104539378046468,-0.007209497370510576,0.061127412385956745
79048,AEGIS_001,803,802,9,-1,800.5,801.1,NORMAL,0,9.985049632476706,9.996956846784105,0.030431532158949892,0.05953607153699636,0.06009084149594309
80048,AEGIS_001,804,801,1,-1,801.0,800.6,NORMAL,0,10.004588038826775,9.999500577464996,0.004994225350039017,-0.025437306808910876,0.059932575747220475
81048,AEGIS_001,802,802,-2,1,801.3,800.7,NORMAL,0,9.900621554269955,9.96654090306665,0.33459096933350807,0.32959674398346905,0.06773557681432033
82048,AEGIS_001,801,806,-1,4,800.9,800.8,NORMAL,0,9.989016405608124,9.974032737247143,0.25967262752857323,-0.07491834180493484,0.06738281867960012
83048,AEGIS_001,799,784,-2,-22,799.9,799.2,NORMAL,0,10.017855628575587,9.988640367689957,0.1135963231004311,-0.14607630442814212,0.061729988427928505
84048,AEGIS_001,803,791,4,7,800.1,795.7,NORMAL,0,10.073894702237077,10.017058479205664,-0.17058479205664057,-0.2841811151570717,0.06739154329408141
85048,AEGIS_001,800,802,-3,11,801.5,795.8,NORMAL,0,9.974086489086318,10.002734482499216,-0.02734482499215929,0.14323996706448128,0.06108779556025573
86048,AEGIS_001,801,804,1,2,801.1,796.0,NORMAL,0,9.959575319855341,9.988348094951258,0.1165190504874225,0.1438638754795818,0.04688673903667353
87048,AEGIS_001,818,799,17,-5,802.5,799.4,NORMAL,0,9.974912147820772,9.983869445907763,0.16130554092237404,0.04478649043495153,0.044256612196187296
88048,AEGIS_001,804,788,-14,-11,803.5,797.9,NORMAL,0,10.045770105885104,10.004502999233544,-0.04502999233544358,-0.20633553325781762,0.0477185420653139
89048,AEGIS_001,807,805,3,17,803.9,798.2,NORMAL,0,10.016437555482984,10.008481184650025,-0.08481184650024787,-0.03978185416480429,0.048201185861119086
90048,AEGIS_001,825,805,18,0,806.0,798.6,NORMAL,0,9.973511989811648,9.996824786370567,0.0317521362943296,0.11656398279457747,0.04856315812001401
91048,AEGIS_001,805,829,-20,24,806.3,801.3,NORMAL,0,10.025663371655668,10.006437648132268,-0.06437648132267881,-0.09612861761700842,0.036972939940705614
92048,AEGIS_001,781,803,-24,-26,804.3,801.0,NORMAL,0,10.004853877467403,10.005909724577313,-0.05909724577312758,0.005279235549551231,0.03654549027496304
93048,AEGIS_001,804,805,23,2,804.8,803.1,NORMAL,0,10.048432249526645,10.020083899560424,-0.20083899560424,-0.14174174983111243,0.03879644720286402
94048,AEGIS_001,803,813,-1,8,804.8,805.3,NORMAL,0,9.964897345306133,10.001688381475661,-0.016883814756614157,0.18395518084762585,0.03374373800379988
95048,AEGIS_001,813,807,10,-6,806.1,805.8,NORMAL,0,9.983616892670112,9.995664551873812,0.04335448126187913,0.06023829601849329,0.03309611800805963
96048,AEGIS_001,803,806,-10,-1,806.3,806.0,NORMAL,0,9.980394592343393,9.990574565363673,0.09425434636327168,0.05089986510139255,0.030866645963994556
97048,AEGIS_001,816,805,13,-1,806.1,806.6,NORMAL,0,9.926824252593395,9.969324461106915,0.30675538893085275,0.21250104256758107,0.038364659489515826
98048,AEGIS_001,805,816,-11,11,806.2,809.4,NORMAL,0,10.014806013853228,9.98448497868902,0.1551502131098026,-0.15160517582105015,0.03510582135298727
99048,AEGIS_001,808,807,3,-9,806.3,809.6,NORMAL,0,10.013052763608995,9.994007573662346,0.059924263376540665,-0.09522594973326193,0.03488044040233004
100048,AEGIS_001,807,807,-1,0,804.5,809.8,NORMAL,0,10.000255672832123,9.996090273385605,0.03909726614395481,-0.020826997232585853,0.034187015281049615
101048,AEGIS_001,805,803,-2,-4,804.5,807.2,NORMAL,0,9.988270643331242,9.99348373003415,0.06516269965850086,0.026065433514546044,0.03262529962107745
102048,AEGIS_001,794,806,-11,3,805.8,807.5,NORMAL,0,9.92923146289748,9.972066307655261,0.2793369234473886,0.21417422378888773,0.037806849761844064
103048,AEGIS_001,813,819,19,13,806.7,808.9,NORMAL,0,9.978967733861731,9.974366783057418,0.2563321694258214,-0.02300475402156721,0.03053485597698113
104048,AEGIS_001,807,805,-6,-14,807.1,808.1,NORMAL,0,9.98286427417366,9.977199280096166,0.22800719903834477,-0.02832497038747661,0.030202937625775552
105048,AEGIS_001,800,807,-7,2,805.8,808.1,NORMAL,0,9.95988613653892,9.97142823224375,0.28571767756249145,0.05771047852414668,0.03079860155870089
106048,AEGIS_001,805,787,5,-20,806.0,806.2,NORMAL,0,9.9919357144167,9.978264059634734,0.2173594036526616,-0.06835827390982985,0.031135379436161185
107048,AEGIS_001,786,802,-19,15,803.0,805.9,NORMAL,0,10.020202542840726,9.992243554036731,0.07756445963268632,-0.13979494401997528,0.027690816220969267
108048,AEGIS_001,804,826,18,24,802.9,806.9,NORMAL,0,10.094309295060526,10.02626546771133,-0.2626546771132965,-0.3402191367459828,0.04328258400092146
109048,AEGIS_001,784,804,-20,-22,800.5,806.6,NORMAL,0,10.008728890641592,10.020419942021418,-0.20419942021417725,0.058455256899119235,0.043113431396043816
110048,AEGIS_001,802,815,18,11,800.0,807.4,NORMAL,0,10.012877519536138,10.017905801192992,-0.17905801192991788,0.02514140828425937,0.04345268169131846
111048,AEGIS_001,805,804,3,-11,800.0,807.5,NORMAL,0,9.99627770421169,10.010696435532559,-0.10696435532558723,0.07209365660433065,0.04335319258329377
112048,AEGIS_001,804,799,-1,-5,801.0,806.8,NORMAL,0,9.904061439235049,9.975151436766723,0.24848563233277332,0.35544998765836056,0.0482167884208819
113048,AEGIS_001,805,800,1,1,800.2,804.9,NORMAL,0,9.998674306227539,9.982992393253662,0.17007606746338055,-0.07840956486939277,0.047889829315291586
114048,AEGIS_001,821,807,16,7,801.6,805.1,NORMAL,0,10.003011510497052,9.989665432334792,0.10334567665207572,-0.06673039081130483,0.04765312656221389
115048,AEGIS_001,811,807,-10,0,802.7,805.1,NORMAL,0,10.123162105624264,10.034164323431284,-0.3416432343128406,-0.44498891096491633,0.05930987849976956
116048,AEGIS_001,804,822,-7,15,802.6,808.6,NORMAL,0,9.990381951760943,10.019570199541171,-0.19570199541171007,0.14594123890113053,0.059379951684475046
117048,AEGIS_001,802,807,-2,-15,804.2,809.1,NORMAL,0,10.01507736711668,10.018072588733009,-0.18072588733009098,0.014976108081619088,0.05935378884851899
118048,AEGIS_001,801,804,-1,-3,803.9,806.9,NORMAL,0,9.998264411514738,10.011469862993586,-0.11469862993585878,0.06602725739423221,0.05239536153629228
119048,AEGIS_001,805,803,4,-1,806.0,806.8,NORMAL,0,9.941566098119024,9.988168608035398,0.11831391964602034,0.2330125495818791,0.056048871345479645
120048,AEGIS_001,816,805,11,2,807.4,805.8,NORMAL,0,10.05714114072575,10.011159452265517,-0.11159452265516734,-0.22990844230118768,0.05899528722599622
121048,AEGIS_001,876,803,60,-2,814.5,805.7,NORMAL,0,10.037596651634338,10.019971852055125,-0.19971852055125083,-0.0881239978960835,0.05993023053979857
122048,AEGIS_001,806,784,-70,-19,814.7,804.2,NORMAL,0,10.039551597352153,10.026498433820802,-0.26498433820801637,-0.06526581765676553,0.048282731418617233
123048,AEGIS_001,803,809,-3,25,814.5,805.1,NORMAL,0,9.954530627260263,10.00250916496729,-0.02509164967289479,0.23989268853512158,0.05234147765331914
124048,AEGIS_001,785,805,-18,-4,810.9,804.9,NORMAL,0,10.070139715546805,10.025052681827129,-0.2505268182712861,-0.2254351685983913,0.05473639378496669
125048,AEGIS_001,802,803,17,-2,810.0,804.5,NORMAL,0,9.929907446860385,9.993337603504882,0.06662396495118017,0.31715078322246626,0.04917503146848878
126048,AEGIS_001,801,806,-1,3,809.7,802.9,NORMAL,0,10.029342854690013,10.005339353899926,-0.053393538999255696,-0.12001750395043587,0.049569476471928546
127048,AEGIS_001,793,802,-8,-4,808.8,802.4,NORMAL,0,10.109522781290499,10.040067163030118,-0.40067163030117925,-0.34727809130192355,0.05926305360351125
128048,AEGIS_001,798,805,5,3,808.5,802.5,NORMAL,0,9.950473183743465,10.010202503267902,-0.10202503267901619,0.29864659762216306,0.06274471223743124
129048,AEGIS_001,816,811,18,6,809.6,803.3,NORMAL,0,9.971685113519861,9.997363373351888,0.026366266481119283,0.12839129916013547,0.059635096950007266
130048,AEGIS_001,803,803,-13,-8,808.3,803.1,NORMAL,0,10.004982568254382,9.999903104986053,0.0009689501394660738,-0.02539731634165321,0.05779118419985312
131048,AEGIS_001,807,816,4,13,801.4,804.4,NORMAL,0,9.97482621729419,9.9915441424221,0.08455857577899906,0.08358962563953298,0.05784224707366204
132048,AEGIS_001,797,799,-10,-17,800.5,805.9,NORMAL,0,9.922466828446693,9.968518371096964,0.3148162890303574,0.23025771325135835,0.06146942822945598
133048,AEGIS_001,816,800,19,1,801.8,805.0,NORMAL,0,10.003428148740301,9.980154963644743,0.19845036355256696,-0.11636592547779046,0.060106133892917774
134048,AEGIS_001,800,800,-16,0,803.3,804.5,NORMAL,0,9.946884814313695,9.969064913867728,0.3093508613227236,0.11090049777015665,0.05585512993458152
135048,AEGIS_001,798,806,-2,6,802.9,804.8,NORMAL,0,10.023679621531759,9.987269816422405,0.12730183577595255,-0.18204902554677105,0.0535218450086373
136048,AEGIS_001,790,795,-8,-11,801.8,803.7,NORMAL,0,9.95402878828831,9.97618947371104,0.23810526288960077,0.11080342711364821,0.05325187785286892
137048,AEGIS_001,786,790,-4,-5,801.1,802.5,NORMAL,0,10.077496720250878,10.009958555890986,-0.09958555890985821,-0.337690821799459,0.045394245649596716
138048,AEGIS_001,853,810,67,20,806.6,803.0,NORMAL,0,9.960837335383188,9.99358481572172,0.0641518427828025,0.1637374016926607,0.04468194476624352
139048,AEGIS_001,807,816,-46,6,805.7,803.5,NORMAL,0,9.983896924189716,9.990355518544387,0.09644481455612919,0.032292971773326684,0.04447340639698637
140048,AEGIS_001,813,817,6,1,806.7,804.9,NORMAL,0,10.040675860868484,10.007128965985753,-0.0712896598575341,-0.1677344744136633,0.0475581584701265
141048,AEGIS_001,813,809,0,-8,807.3,804.2,NORMAL,0,9.938456784178301,9.984238238716603,0.1576176128339668,0.2289072726915009,0.0500716315318868
142048,AEGIS_001,806,810,-7,1,808.2,805.3,NORMAL,0,10.011372996730206,9.99328315805447,0.0671684194552924,-0.09044919337867441,0.04537044258143451
143048,AEGIS_001,810,810,4,0,807.6,806.3,NORMAL,0,10.065357137714122,10.01730781794102,-0.1730781794102043,-0.2402465988654967,0.0507021107609862
144048,AEGIS_001,813,822,3,12,808.9,808.5,NORMAL,0,9.919625838271939,9.984747158051327,0.15252841948672824,0.32560659889693255,0.05448288513079352
145048,AEGIS_001,816,811,3,-11,810.7,809.0,NORMAL,0,10.009231692926615,9.992908669676424,0.07091330323575562,-0.08161511625097262,0.053901232190562975
146048,AEGIS_001,810,809,-6,-2,812.7,810.4,NORMAL,0,10.012994139712422,9.999603826355091,0.0039617364490851514,-0.06695156678667047,0.05197868607197098
147048,AEGIS_001,806,791,-4,-18,814.7,810.5,NORMAL,0,10.039091143588866,10.012766265433017,-0.12766265433016954,-0.1316243907792547,0.04695640345327884
148048,AEGIS_001,816,809,10,18,811.0,810.4,NORMAL,0,9.938152464456095,9.98789499844071,0.12105001559289619,0.24871266992306573,0.049441687578658924
149048,AEGIS_001,807,809,-9,0,811.0,809.7,NORMAL,0,9.933977169345786,9.969922388742404,0.30077611257596004,0.17972609698306385,0.05316644861433019
150048,AEGIS_001,816,813,9,4,811.3,809.3,NORMAL,0,10.026097078280845,9.988647285255219,0.11352714744781167,-0.18724896512814837,0.051832847123648856
151048,AEGIS_001,811,807,-5,-6,811.1,809.1,NORMAL,0,10.014849233661659,9.997381268057365,0.026187319426345113,-0.08733982802146656,0.049038785155708205
152048,AEGIS_001,809,803,-2,-4,811.4,808.4,NORMAL,0,10.012524642517294,10.002429059544008,-0.02429059544008183,-0.05047791486642694,0.04907743135441758
153048,AEGIS_001,816,813,7,10,812.0,808.7,NORMAL,0,10.017322410474849,10.007393509854289,-0.07393509854288993,-0.0496445031028081,0.04372283333396138
154048,AEGIS_001,810,810,-6,-3,811.7,807.5,NORMAL,0,9.965998763921075,9.993595261209885,0.06404738790115161,0.13798248644404154,0.037106935181766484
155048,AEGIS_001,813,814,3,4,811.4,807.8,NORMAL,0,10.01161268485805,9.999601069092607,0.0039893090739262504,-0.06005807882722536,0.037201489508462644
156048,AEGIS_001,817,812,4,-2,812.1,808.1,NORMAL,0,10.014653623664934,10.004618587283383,-0.04618587283383491,-0.05017518190776116,0.03728307696119272
157048,AEGIS_001,811,810,-6,-2,812.6,810.0,NORMAL,0,9.964282429098681,9.991173201221816,0.08826798778184042,0.13445386061567532,0.03545484712377172
158048,AEGIS_001,815,817,4,7,812.5,810.8,NORMAL,0,10.093288725557239,10.025211709333623,-0.2521170933362349,-0.3403850811180753,0.043337836326208384
159048,AEGIS_001,819,814,4,-3,813.7,811.3,NORMAL,0,10.02369164604559,10.024705021570945,-0.24705021570945007,0.005066877626784816,0.03546691776921651
160048,AEGIS_001,815,806,-4,-8,813.6,810.6,NORMAL,0,9.940434825139867,9.99661495609392,0.033850439060802984,0.28090065477025306,0.042067204421347336
161048,AEGIS_001,814,803,-1,-3,813.9,810.2,NORMAL,0,10.03282768043169,10.00868586420651,-0.0868586420651063,-0.12070908112590928,0.042870298070840654
162048,AEGIS_001,848,816,34,13,817.8,811.5,NORMAL,0,9.951265916488634,9.989545881633886,0.10454118366114429,0.19139982572625058,0.04633523433835103
163048,AEGIS_001,811,811,-37,-5,817.3,811.3,NORMAL,0,10.039354230187122,10.006148664484964,-0.06148664484964428,-0.16602782851078857,0.04767362503697529
164048,AEGIS_001,806,803,-5,-8,816.9,810.6,NORMAL,0,10.05792977895037,10.023409035973433,-0.23409035973433134,-0.17260371488468707,0.04844444387930792
165048,AEGIS_001,819,810,13,7,817.5,810.2,NORMAL,0,9.958965884082415,10.001927985343094,-0.019279853430944627,0.21481050630338672,0.051375995911878976
166048,AEGIS_001,813,811,-6,1,817.1,810.1,NORMAL,0,10.048168806462217,10.017341592382802,-0.17341592382802418,-0.15413607039707955,0.05295126421883476
167048,AEGIS_001,813,809,0,-2,817.3,810.0,NORMAL,0,10.020639046346824,10.018440743704144,-0.18440743704143614,-0.010991513213411963,0.050359743943378256
168048,AEGIS_001,814,815,1,6,817.2,809.8,NORMAL,0,10.041103007999725,10.025994831802672,-0.25994831802671925,-0.07554088098528311,0.04381495078191526
169048,AEGIS_001,805,814,-9,-1,815.8,809.8,NORMAL,0,10.094839649132698,10.048943104246014,-0.48943104246014,-0.22948272443342077,0.05118291480548036
170048,AEGIS_001,802,815,-3,1,814.5,810.7,NORMAL,0,9.987730594199856,10.028538934230628,-0.28538934230628143,0.20404170015385859,0.04497049712250722
171048,AEGIS_001,827,811,25,-4,815.8,811.5,NORMAL,0,9.962313191782126,10.006463686747795,-0.06463686747794739,0.22075247482833404,0.04868267036561489
172048,AEGIS_001,809,807,-18,-4,811.9,810.6,NORMAL,0,9.955524278518723,9.989483884004771,0.10516115995228503,0.16979802743023242,0.048065987105724226
173048,AEGIS_001,809,810,0,3,811.7,810.5,NORMAL,0,9.959209485751728,9.979392417920424,0.20607582079575693,0.10091466084347189,0.05048185825438084
174048,AEGIS_001,803,810,-6,0,811.4,811.2,NORMAL,0,9.996144914529294,9.984976583456714,0.15023416543286316,-0.05584165536289376,0.047470415544137196
175048,AEGIS_001,795,811,-8,1,809.0,811.3,NORMAL,0,10.017057598740832,9.995670255218087,0.043297447819128365,-0.1069367176137348,0.04504861414913556
176048,AEGIS_001,811,822,16,11,808.8,812.4,NORMAL,0,10.013834539966501,10.001725016800892,-0.017250168008917655,-0.06054761582804602,0.042928589071025425
177048,AEGIS_001,811,807,0,-15,808.6,812.2,NORMAL,0,10.041359162451801,10.01493639868453,-0.1493639868452945,-0.13211381883637685,0.0442554405697971
178048,AEGIS_001,803,810,-8,3,807.5,811.7,NORMAL,0,10.000650094593896,10.010174297320987,-0.10174297320986625,0.047621013635428255,0.042600743149224254
179048,AEGIS_001,720,710,-83,-100,799.0,801.3,NORMAL,0,10.072676703857866,10.03100843283328,-0.31008432833280253,-0.20834135512293628,0.037562818544006026
180048,AEGIS_001,759,760,39,50,794.7,795.8,NORMAL,0,9.986767158338102,10.01626134133489,-0.16261341334889323,0.1474709149839093,0.03760085336944582
181048,AEGIS_001,783,695,24,-65,790.3,784.2,NORMAL,0,10.136008458329481,10.056177046999753,-0.5617704699975334,-0.3991570566486402,0.054357932698402806
182048,AEGIS_001,803,775,20,80,789.7,781.0,NORMAL,0,10.03128336738825,10.04787915379592,-0.47879153795920004,0.0829789320383334,0.04978172618209906
183048,AEGIS_001,775,778,-28,3,786.3,777.8,NORMAL,0,9.957142122179185,10.017633476590342,-0.17633476590342312,0.3024567720557769,0.050090937986738034
184048,AEGIS_001,753,763,-22,-15,781.3,773.1,NORMAL,0,9.946455375096944,9.99390744275921,0.06092557240789276,0.23726033831131588,0.055478439621170376
185048,AEGIS_001,757,755,4,-8,777.5,767.5,NORMAL,0,10.02412362076216,10.003979502093529,-0.039795020935287084,-0.10072059334317984,0.05547722044773958
186048,AEGIS_001,767,765,10,10,773.1,761.8,NORMAL,0,9.988826860733708,9.998928621640257,0.010713783597431359,0.05050880453271844,0.05639368566373377
187048,AEGIS_001,765,766,-2,1,768.5,757.7,NORMAL,0,10.035700024704605,10.01118575599504,-0.11185755995040125,-0.12257134354783261,0.056167070761796736
188048,AEGIS_001,746,748,-19,-18,762.8,751.5,NORMAL,0,10.023661881228676,10.015344464406253,-0.1534446440625281,-0.04158708411212686,0.05584942796726813
189048,AEGIS_001,747,745,1,-3,765.5,755.0,NORMAL,0,9.996358554367156,10.009015827726554,-0.09015827726553738,0.06328636679699073,0.05303504638745588
190048,AEGIS_001,741,746,-6,1,763.7,753.6,NORMAL,0,9.95766031409658,9.991897323183231,0.08102676816768906,0.17118504543322643,0.05536009784366645
191048,AEGIS_001,770,752,29,6,762.4,759.3,NORMAL,0,9.924257638765706,9.969350761710723,0.3064923828927668,0.22546561472507776,0.0400759486482
192048,AEGIS_001,720,720,-50,-32,754.1,753.8,NORMAL,0,9.97767425239665,9.972125258606033,0.27874741393967284,-0.027744968953093974,0.03720686642403809
193048,AEGIS_001,735,733,15,13,750.1,749.3,NORMAL,0,10.042819939716173,9.995690152309413,0.04309847690587176,-0.23564893703380108,0.040280959788330906
194048,AEGIS_001,740,739,5,6,748.8,746.9,NORMAL,0,10.01070468720651,10.000694997275112,-0.006949972751115752,-0.050048449656987515,0.03726390415348184
195048,AEGIS_001,720,720,-20,-19,745.1,743.4,NORMAL,0,9.9377130610644,9.979701018538208,0.2029898146179221,0.20993978736903784,0.040460785468591796
196048,AEGIS_001,813,805,93,85,749.7,747.4,NORMAL,0,10.008659046292559,9.989353694456327,0.10646305543673407,-0.09652675918118803,0.040905670117510694
197048,AEGIS_001,807,813,-6,8,753.9,752.1,NORMAL,0,10.019265868986443,9.999324419299699,0.006755807003013814,-0.09970724843372025,0.0392293059969816
198048,AEGIS_001,791,811,-16,-2,758.4,758.4,NORMAL,0,9.955807128189944,9.984818655596447,0.151813444035529,0.14505763703251517,0.038599695484220646
199048,AEGIS_001,808,819,17,8,764.5,765.8,NORMAL,0,10.007686255297276,9.992441188830057,0.07558811169943169,-0.0762253323360973,0.03919392180586676
200048,AEGIS_001,822,816,14,-3,772.6,772.8,NORMAL,0,10.0029104359223,9.995930937860805,0.04069062139194557,-0.03489749030748612,0.03839009355287722
201048,AEGIS_001,814,803,-8,-13,777.0,777.9,NORMAL,0,9.942851485108468,9.97823778694336,0.21762213056639723,0.17693150917445166,0.035240500243844064
202048,AEGIS_001,830,814,16,11,788.0,787.3,NORMAL,0,10.017889368017414,9.991454980634712,0.08545019365287843,-0.1321719369135188,0.03588903201955874
203048,AEGIS_001,811,805,-19,-9,795.6,794.5,NORMAL,0,10.028039226318413,10.003649729195946,-0.03649729195945639,-0.12194748561233482,0.033935042927640574
204048,AEGIS_001,816,815,5,10,803.2,802.1,NORMAL,0,10.054152562158764,10.020484006850218,-0.20484006850217895,-0.16834277654272256,0.038856469779801096
205048,AEGIS_001,812,802,-4,-13,812.4,810.3,NORMAL,0,10.052690102601746,10.031219372100729,-0.31219372100729004,-0.10735365250511109,0.03611480516200974
206048,AEGIS_001,806,812,-6,10,811.7,811.0,NORMAL,0,9.931116531602145,9.9978517586012,0.02148241398799655,0.3336761349952866,0.0437190450732867
207048,AEGIS_001,812,815,6,3,812.2,811.2,NORMAL,0,9.953108748004244,9.98293742173555,0.17062578264450678,0.14914336865651023,0.045651240373252515
208048,AEGIS_001,817,813,5,-2,814.8,811.4,NORMAL,0,10.025751763360432,9.997208868943844,0.027911310561563596,-0.1427144720829432,0.044383579258788365
209048,AEGIS_001,810,816,-7,3,815.0,811.1,NORMAL,0,10.025689297545611,10.006702345144433,-0.06702345144432797,-0.09493476200589157,0.045017592028392235
210048,AEGIS_001,809,810,-1,-6,813.7,810.5,NORMAL,0,10.025752384315302,10.013052358201389,-0.13052358201388614,-0.06350013056955817,0.04556503873126705
211048,AEGIS_001,806,810,-3,0,812.9,811.2,NORMAL,0,10.192636574532736,10.072913763645172,-0.7291376364517177,-0.5986140544378316,0.06947387287169624
212048,AEGIS_001,787,809,-19,-1,808.6,810.7,NORMAL,0,10.028544525534658,10.058124017608334,-0.5812401760833374,0.14789746036838025,0.06933743678220138
213048,AEGIS_001,814,794,27,-15,808.9,809.6,NORMAL,0,10.05677828200903,10.057675439075233,-0.5767543907523276,0.0044857853310098506,0.06976092353783835
214048,AEGIS_001,786,817,-28,23,805.9,809.8,NORMAL,0,10.04770008817466,10.054350322108377,-0.5435032210837676,0.03325116966856001,0.0695898373499349
215048,AEGIS_001,811,810,25,-7,805.8,810.6,NORMAL,0,10.032569562565289,10.047090068927348,-0.4709006892734813,0.07260253181028631,0.06927884025941773
216048,AEGIS_001,807,811,-4,1,805.9,810.5,NORMAL,0,9.984236537767982,10.026138891874226,-0.2613889187422558,0.2095117705312255,0.06238007357707894
217048,AEGIS_001,810,890,3,79,805.7,818.0,NORMAL,0,10.037948461024664,10.030075414924372,-0.3007541492437227,-0.0393652305014669,0.05499280628129639
218048,AEGIS_001,828,813,18,-77,806.8,818.0,NORMAL,0,9.961358739273122,10.007169856373956,-0.07169856373955952,0.22905558550416316,0.061034209077207836
219048,AEGIS_001,810,806,-18,-7,806.8,817.0,NORMAL,0,9.988159069663,10.000832927470306,-0.008329274703058331,0.06336928903650119,0.06308501629206013
220048,AEGIS_001,816,806,6,0,807.5,816.6,NORMAL,0,9.975731822608545,9.992465892516385,0.07534107483614605,0.08367034953920438,0.06587136618297905
221048,AEGIS_001,810,781,-6,-25,807.9,813.7,NORMAL,0,10.004093706969316,9.996341830667362,0.03658169332638295,-0.0387593815097631,0.03321736486242781
222048,AEGIS_001,811,811,1,30,810.3,813.9,NORMAL,0,10.115732928333676,10.0361388632228,-0.36138863222799245,-0.3979703255543754,0.046794306324649745
223048,AEGIS_001,809,771,-2,-40,809.8,811.6,NORMAL,0,9.906636740370413,9.992971488938672,0.07028511061328402,0.43167374284127646,0.05684393863051638
224048,AEGIS_001,810,814,1,43,812.2,811.3,NORMAL,0,10.034313009518726,10.006751995798691,-0.06751995798691013,-0.13780506860019415,0.05588708098621979
225048,AEGIS_001,811,815,1,1,812.2,811.8,NORMAL,0,9.919364206440518,9.9776227326793,0.22377267320699445,0.2912926311939046,0.06073020289720136
226048,AEGIS_001,800,813,-11,-2,811.5,812.0,NORMAL,0,9.976403406710528,9.97721629068971,0.22783709310289169,0.004064419895897231,0.060902592554656014
227048,AEGIS_001,807,816,7,3,811.2,804.6,NORMAL,0,10.054447529848368,10.00296003707593,-0.029600370759297334,-0.257437463862189,0.06248928268759017
228048,AEGIS_001,797,811,-10,-5,808.1,804.4,NORMAL,0,10.003214000954774,10.003044691702211,-0.03044691702211111,-0.0008465462628137743,0.06148163151577104
229048,AEGIS_001,811,821,14,10,808.2,805.9,NORMAL,0,9.946112761103535,9.984067381502653,0.1593261849734695,0.18977310199558062,0.06361565485016303
230048,AEGIS_001,802,813,-9,-8,806.8,806.6,NORMAL,0,9.964234814537,9.977456525847437,0.22543474152563192,0.06610855655216241,0.0640767797622049
231048,AEGIS_001,816,813,14,0,807.4,809.8,NORMAL,0,10.033979887446733,9.996297646380537,0.03702353619463139,-0.18841120533100053,0.0653639581143725
232048,AEGIS_001,812,810,-4,-3,807.5,809.7,NORMAL,0,9.963481668414143,9.985358987058406,0.146410129415937,0.10938659322130562,0.050206375387043124
233048,AEGIS_001,811,813,-1,3,807.7,813.9,NORMAL,0,10.0108229294791,9.993846967865304,0.0615303213469609,-0.0848798080689761,0.04361821444097819
234048,AEGIS_001,815,814,4,1,808.2,813.9,NORMAL,0,10.002278591995191,9.996657509241933,0.03342490758067029,-0.02810541376629061,0.04116130484215494
235048,AEGIS_001,813,812,-2,-2,808.4,813.6,NORMAL,0,9.96741998261971,9.986911667034526,0.13088332965473626,0.09745842207406596,0.03461600052732263
236048,AEGIS_001,798,810,-15,-2,808.2,813.3,NORMAL,0,10.107197204466265,10.027006846178441,-0.2700684617844118,-0.40095179143914805,0.04948420921318992
237048,AEGIS_001,811,809,13,-1,808.6,812.6,NORMAL,0,10.0316959511159,10.028569881157594,-0.2856988115759407,-0.015630349791528886,0.04745588297678292
238048,AEGIS_001,816,811,5,2,810.5,812.6,NORMAL,0,9.89874287066712,9.985294210994104,0.14705789005896364,0.4327567016349043,0.0577886727690722
239048,AEGIS_001,810,814,-6,3,810.4,811.9,NORMAL,0,10.009322715738472,9.99330371257556,0.06696287424439618,-0.08009501581456746,0.05555301148884177
240048,AEGIS_001,811,811,1,-3,811.3,811.7,NORMAL,0,9.96691067676158,9.9845060339709,0.15493966029099582,0.08797678604659964,0.05537354456902963
241048,AEGIS_001,713,719,-98,-92,801.0,802.3,NORMAL,0,10.04262166673981,10.003877911560538,-0.03877911560538294,-0.19371877589637876,0.05604031529895997
242048,AEGIS_001,797,799,84,80,799.5,801.2,NORMAL,0,9.960373963078364,9.989376595399815,0.10623404600185182,0.14501316160723476,0.05627376350185012
243048,AEGIS_001,800,802,3,3,798.4,800.1,NORMAL,0,9.994263177926655,9.991005456242096,0.08994543757903983,-0.01628860842281199,0.0561548704804436
244048,AEGIS_001,798,799,-2,-3,796.7,798.6,NORMAL,0,10.025249363949023,10.002420092144405,-0.024200921444048618,-0.11414635902308845,0.05681156250260178
245048,AEGIS_001,798,821,0,22,795.2,799.5,NORMAL,0,10.043287759708505,10.016042647999106,-0.16042647999105597,-0.13622555854700735,0.05698649027874424
246048,AEGIS_001,791,793,-7,-28,794.5,797.8,NORMAL,0,9.939985179647211,9.990690158548475,0.09309841451525358,0.25352489450630955,0.048540811537122426
247048,AEGIS_001,790,788,-1,-5,792.4,795.7,NORMAL,0,9.983274938207952,9.988218418434968,0.11781581565031729,0.02471740113506371,0.0464264156787924
248048,AEGIS_001,784,783,-6,-5,789.2,792.9,NORMAL,0,9.976252734441951,9.984229857103964,0.15770142896036177,0.039885613310044477,0.03530285560668884
249048,AEGIS_001,784,783,0,0,786.6,789.8,NORMAL,0,9.967333538371314,9.978597750859748,0.21402249140251683,0.05632106244215507,0.03579196204685086
250048,AEGIS_001,774,771,-10,-12,782.9,785.8,NORMAL,0,10.088272712014055,10.015156071244517,-0.15156071244517122,-0.36558320384768805,0.0461783564474535
251048,AEGIS_001,703,702,-71,-69,781.9,784.1,NORMAL,0,10.020249085548048,10.016853742679029,-0.16853742679028727,-0.01697671434511605,0.04450832112995487
252048,AEGIS_001,685,624,-18,-78,770.7,766.6,NORMAL,0,9.936955802283247,9.990221095880436,0.09778904119563947,0.26632646798592674,0.04734224830587054
253048,AEGIS_001,784,777,99,153,769.1,764.1,NORMAL,0,10.045893097352739,10.008778429704538,-0.08778429704538127,-0.18557333824102074,0.04970486543360616
254048,AEGIS_001,766,767,-18,-10,765.9,760.9,NORMAL,0,10.106107809850633,10.041221556419902,-0.4122155641990233,-0.324431267153642,0.059413831293761994
255048,AEGIS_001,758,767,-8,0,761.9,755.5,NORMAL,0,10.051623263027558,10.044688791955789,-0.44688791955788787,-0.03467235535886459,0.059976673328402376
256048,AEGIS_001,742,748,-16,-19,757.0,751.0,NORMAL,0,9.924031501702299,10.004469695204627,-0.04469695204626589,0.402190967511622,0.06226177184764607
257048,AEGIS_001,699,720,-43,-28,747.9,744.2,NORMAL,0,9.975788296356688,9.99490922892198,0.0509077107802014,0.09560466282646729,0.06266254649503558
258048,AEGIS_001,751,785,52,65,744.6,744.4,NORMAL,0,10.063345557459332,10.01772133843443,-0.17721338434430578,-0.22812109512450718,0.0636118523560669
259048,AEGIS_001,746,739,-5,-46,740.8,740.0,NORMAL,0,9.96461652671906,10.000019734529308,-0.0001973452930847941,0.17701603905122099,0.06385744497771112
260048,AEGIS_001,739,771,-7,32,737.3,740.0,NORMAL,0,10.022190971407312,10.007410146821977,-0.07410146821976937,-0.07390412292668458,0.0589740086998838
261048,AEGIS_001,762,747,23,-24,743.2,744.5,NORMAL,0,10.038731702671466,10.017850665438473,-0.17850665438473357,-0.10440518616496419,0.05957980648751493
262048,AEGIS_001,751,813,-11,66,749.8,763.4,NORMAL,0,9.953653476421096,9.996451602432682,0.03548397567318062,0.2139906300579142,0.057408456629327885
263048,AEGIS_001,751,752,0,-61,746.5,760.9,NORMAL,0,9.99702373219691,9.99664231235409,0.033576876459093796,-0.001907099214086827,0.05652162796468729
264048,AEGIS_001,741,735,-10,-17,744.0,757.7,NORMAL,0,9.837936632996547,9.94374041923491,0.5625958076509008,0.529018931191807,0.06812970656885364
265048,AEGIS_001,754,755,13,20,743.6,756.5,NORMAL,0,9.948780617933286,9.945420485467702,0.5457951453229803,-0.016800662327920435,0.06425409342136063
266048,AEGIS_001,751,753,-3,-2,744.5,757.0,NORMAL,0,9.987371592430343,9.959404187788582,0.40595812211417837,-0.13983702320880198,0.062016258230795776
267048,AEGIS_001,754,751,3,-2,750.0,760.1,NORMAL,0,9.937610840901758,9.952139738826308,0.47860261173692464,0.07264448962274628,0.06339195489438369
268048,AEGIS_001,747,659,-7,-92,749.6,747.5,NORMAL,0,10.081620565196582,9.995300014283066,0.04699985716934307,-0.43160275456758157,0.06640938519716162
269048,AEGIS_001,741,741,-6,82,749.1,747.7,NORMAL,0,9.92849293110197,9.973030986556035,0.26969013443965295,0.22269027727030988,0.0681155916051211
270048,AEGIS_001,759,763,18,22,751.1,746.9,NORMAL,0,9.97799777566515,9.97468658292574,0.2531341707426016,-0.016555963697051368,0.06599469124320627
271048,AEGIS_001,753,753,-6,-10,750.2,747.5,NORMAL,0,10.006537028864305,9.985303398238596,0.14696601761404082,-0.10616815312856076,0.0629245921760869
272048,AEGIS_001,728,801,-25,48,747.9,746.3,NORMAL,0,10.072063664453307,10.014223486976833,-0.142234869768334,-0.2892008873823748,0.07102499965897893
273048,AEGIS_001,735,740,7,-61,746.3,745.1,NORMAL,0,9.928206892441027,9.98555128879823,0.1444871120176927,0.2867219817860267,0.07225111002502474
274048,AEGIS_001,753,752,18,12,747.5,746.8,NORMAL,0,10.058158187607749,10.009753588401404,-0.09753588401403945,-0.24202299603173216,0.05978840170327472
275048,AEGIS_001,739,741,-14,-11,746.0,745.4,NORMAL,0,10.00051165305098,10.006672943284597,-0.0667294328459711,0.03080645116806835,0.05777161067576523
276048,AEGIS_001,738,734,-1,-7,744.7,743.5,NORMAL,0,9.950924567447602,9.988090151338934,0.11909848661066036,0.18582791945663146,0.05962653225661151
277048,AEGIS_001,745,752,7,18,743.8,743.6,NORMAL,0,10.023105173713164,9.999761825463677,0.0023817453632268837,-0.11671674124743348,0.05666474124353713
278048,AEGIS_001,741,757,-4,5,743.2,753.4,NORMAL,0,10.009952984778673,10.003158878568676,-0.03158878568676471,-0.03397053104999159,0.04968503741217916
279048,AEGIS_001,750,752,9,-5,744.1,754.5,NORMAL,0,9.969989156142061,9.99210230442647,0.07897695573529262,0.11056574142205733,0.04496689803967065
280048,AEGIS_001,749,748,-1,-4,743.1,753.0,NORMAL,0,10.0034901042495,9.995898237700814,0.04101762299185907,-0.03795933274343355,0.044314921362129854
281048,AEGIS_001,747,704,-2,-44,742.5,748.1,NORMAL,0,9.980734320156913,9.990843598519515,0.09156401480485243,0.05054639181299336,0.044789068347307184
282048,AEGIS_001,716,745,-31,41,741.3,742.5,NORMAL,0,10.005675867262562,9.995787688100531,0.042123118994688014,-0.04944089581016442,0.037140630614000324
283048,AEGIS_001,735,739,19,-6,741.3,742.4,NORMAL,0,10.033106533726052,10.008227303309038,-0.08227303309038092,-0.12439615208506893,0.031107554916346817
284048,AEGIS_001,751,740,16,1,741.1,741.2,NORMAL,0,10.079300840807267,10.031918482475115,-0.31918482475115084,-0.23691179166076992,0.03562135153449139
285048,AEGIS_001,741,717,-10,-23,741.3,738.8,NORMAL,0,9.938109225058657,10.000648730002963,-0.006487300029629495,0.31269752472152135,0.0415926113480276
286048,AEGIS_001,757,748,16,31,743.2,740.2,NORMAL,0,10.106651668732813,10.035983042912914,-0.3598304291291399,-0.3533431290995104,0.049760938760529644
287048,AEGIS_001,749,752,-8,4,743.6,740.2,NORMAL,0,9.902395610023875,9.99145389861657,0.08546101383430482,0.4452914429634447,0.06096003389879273
288048,AEGIS_001,743,743,-6,-9,743.8,738.8,NORMAL,0,9.99241074524822,9.991772847493786,0.08227152506213642,-0.003189488772168403,0.06098821741526367
289048,AEGIS_001,738,734,-5,-9,742.6,737.0,NORMAL,0,10.029415860324228,10.004320518437268,-0.04320518437268106,-0.12547670943481748,0.06050394313283095
290048,AEGIS_001,742,737,4,3,741.9,735.9,NORMAL,0,10.014049593386751,10.00756354342043,-0.07563543420429752,-0.032430249831616464,0.060525518349314314
291048,AEGIS_001,748,746,6,9,742.0,740.1,NORMAL,0,9.96886502400897,9.994664036949944,0.05335963050056236,0.12899506470485989,0.061235863348646016
292048,AEGIS_001,730,752,-18,6,743.4,740.8,NORMAL,0,9.989593887482137,9.992973987127343,0.07026012872657361,0.01690049822601125,0.06148511459063715
293048,AEGIS_001,706,711,-24,-41,740.5,738.0,NORMAL,0,9.975349953267058,9.987099309173916,0.1290069082608447,0.0587467795342711,0.06130468359179226
294048,AEGIS_001,742,720,36,9,739.6,736.0,NORMAL,0,9.97053176215279,9.981576793500208,0.1842320649979179,0.05522515673707318,0.054911184022132985
295048,AEGIS_001,746,739,4,19,740.1,738.2,NORMAL,0,10.042480104851052,10.001877897283823,-0.018778972838227048,-0.20301103783614494,0.05413244594986079
296048,AEGIS_001,737,735,-9,-4,738.1,736.9,NORMAL,0,10.017850774298253,10.007202189621967,-0.07202189621967392,-0.05324292338144687,0.03997469037948165
297048,AEGIS_001,730,734,-7,-1,736.2,735.1,NORMAL,0,9.965354520236968,9.993252966493635,0.0674703350636463,0.13949223128332022,0.02765101836390962
298048,AEGIS_001,739,739,9,5,735.8,734.7,NORMAL,0,10.044979993771662,10.010495308919644,-0.1049530891964423,-0.1724234242600886,0.031497722476660835
299048,AEGIS_001,725,717,-14,-22,734.5,733.0,NORMAL,0,10.01536497604383,10.012118531294373,-0.12118531294373014,-0.016232223747287833,0.030426439004353892
300048,AEGIS_001,733,747,8,30,733.6,734.0,NORMAL,0,10.040643105941948,10.021626722843566,-0.21626722843565815,-0.09508191549192802,0.03281624159056652
301048,AEGIS_001,745,746,12,-1,733.3,734.0,NORMAL,0,10.031481442096181,10.024911629261105,-0.24911629261104906,-0.03284906417539091,0.03150549493182133
302048,AEGIS_001,742,749,-3,3,734.5,733.7,NORMAL,0,9.958550249453896,10.00279116932537,-0.027911693253699354,0.2212045993573497,0.035004945983267054
303048,AEGIS_001,751,746,9,-3,739.0,737.2,NORMAL,0,9.971990947990152,9.992524428880298,0.07475571119702096,0.10266740445072031,0.03534892112449037
304048,AEGIS_001,708,701,-43,-45,735.6,735.3,NORMAL,0,10.037364680256163,10.007471179338921,-0.07471179338921274,-0.1494675045862337,0.034213902385795095
305048,AEGIS_001,747,727,39,26,735.7,734.1,NORMAL,0,10.030518513271673,10.015153623983172,-0.15153623983172437,-0.07682444644251163,0.03324890971257864
306048,AEGIS_001,730,732,-17,5,735.0,733.8,NORMAL,0,9.998954920301793,10.00975405608938,-0.09754056089379404,0.053995678937930336,0.03337888066484624
307048,AEGIS_001,731,732,1,0,735.1,733.6,NORMAL,0,10.005866369165439,10.008458160448066,-0.08458160448066465,0.012958956413129386,0.029675950527455884
308048,AEGIS_001,711,738,-20,6,732.3,733.5,NORMAL,0,10.063883244789421,10.026933188561852,-0.26933188561852006,-0.1847502811378554,0.03237798034423424
309048,AEGIS_001,733,735,22,-3,733.1,735.3,NORMAL,0,9.970421430558208,10.008095935893971,-0.08095935893971173,0.18837252667880833,0.03537362453667852
310048,AEGIS_001,715,717,-18,-18,731.3,732.3,NORMAL,0,10.027354869058502,10.014515580282149,-0.14515580282148832,-0.06419644388177659,0.03437034592792624
311048,AEGIS_001,693,697,-22,-20,726.1,727.4,NORMAL,0,9.989890367378305,10.006307175980869,-0.06307175980868607,0.08208404301280225,0.033947333149767264
312048,AEGIS_001,735,735,42,38,725.4,726.0,NORMAL,0,9.989115939838639,10.00057676393346,-0.0057676393345929,0.05730412047409317,0.03044808812270896
313048,AEGIS_001,788,783,53,48,729.1,729.7,NORMAL,0,10.054938842599359,10.018697456822093,-0.18697456822092562,-0.18120692888633272,0.030683692751677788
314048,AEGIS_001,789,816,1,33,737.2,741.2,NORMAL,0,10.041270817449401,10.02622191036453,-0.2622191036453003,-0.0752445354243747,0.03099739865790748
315048,AEGIS_001,787,781,-2,-35,741.2,746.6,NORMAL,0,10.040675481800031,10.031039767509697,-0.31039767509696503,-0.04817857145166471,0.03164123570540358
316048,AEGIS_001,791,818,4,37,747.3,755.2,NORMAL,0,10.065273940357716,10.042451158459038,-0.42451158459037686,-0.11411390949341182,0.03401198124001408
317048,AEGIS_001,776,790,-15,-28,751.8,761.0,NORMAL,0,10.001050192081639,10.028650836333238,-0.2865083633323806,0.13800322125799624,0.03434344695988398
318048,AEGIS_001,798,801,22,11,760.5,767.3,NORMAL,0,10.034097648564748,10.030466440410407,-0.3046644041040736,-0.01815604077169297,0.0317295986007398
319048,AEGIS_001,811,797,13,-4,768.3,773.5,NORMAL,0,9.984486662170328,10.015139847663715,-0.1513984766371479,0.1532659274669257,0.029447980290085312
320048,AEGIS_001,789,797,-22,0,775.7,781.5,NORMAL,0,10.016208317624422,10.015496004317285,-0.15496004317284928,-0.003561566535701388,0.029468016151140877
321048,AEGIS_001,786,805,-3,8,785.0,792.3,NORMAL,0,9.993492847281615,10.008161618638729,-0.08161618638728996,0.07334385678555932,0.029055048937006285
322048,AEGIS_001,796,785,10,-20,791.1,797.3,NORMAL,0,10.004849798249635,10.007057678509032,-0.07057678509031717,0.011039401296972784,0.027454717657042566
323048,AEGIS_001,789,793,-7,8,791.2,798.3,NORMAL,0,10.029757851271846,10.014624402763303,-0.14624402763303124,-0.07566724254271406,0.02533766794492695
324048,AEGIS_001,797,795,8,2,792.0,796.2,NORMAL,0,9.959088965838326,9.996112590454977,0.038874095450225354,0.1851181230832566,0.030810867203999084
325048,AEGIS_001,799,800,2,5,793.2,798.1,NORMAL,0,10.104619363784273,10.032281514898077,-0.3228151489807729,-0.36168924443099826,0.04186765140535373
326048,AEGIS_001,785,797,-14,-3,792.6,796.0,NORMAL,0,9.949699130925016,10.004754053573723,-0.047540535737233824,0.2752746132435391,0.043677233054618736
327048,AEGIS_001,798,775,13,-22,794.8,794.5,NORMAL,0,9.939290569360614,9.982932892169353,0.17067107830646577,0.2182116140436996,0.04879417556518117
328048,AEGIS_001,822,797,24,22,797.2,794.1,NORMAL,0,10.057905543675004,10.00792377600457,-0.07923776004570726,-0.24990883835217303,0.05108525158829233
329048,AEGIS_001,795,786,-27,-11,795.6,793.0,NORMAL,0,10.039583134698146,10.018476895569098,-0.18476895569097707,-0.1055311956452698,0.05172123505956648
330048,AEGIS_001,791,790,-4,4,795.8,792.3,NORMAL,0,10.031205990852607,10.022719927330268,-0.22719927330268064,-0.04243031761170357,0.052154624909667345
331048,AEGIS_001,795,795,4,5,796.7,791.3,NORMAL,0,10.031417275463214,10.025619043374585,-0.2561904337458465,-0.028991160443165853,0.05212306661676035
332048,AEGIS_001,791,791,-4,-4,796.2,791.9,NORMAL,0,9.999387661357654,10.01687524936894,-0.1687524936894036,0.0874379400564429,0.05226666733851022
333048,AEGIS_001,866,791,75,0,803.9,791.7,NORMAL,0,9.955137281425708,9.996295926721196,0.037040732788042874,0.20579322647744647,0.05505059426779757
334048,AEGIS_001,791,794,-75,3,803.3,791.6,NORMAL,0,10.003790227909686,9.99879402711736,0.012059728826407934,-0.02498100396163494,0.052508150725828186
335048,AEGIS_001,792,791,1,-3,802.6,790.7,NORMAL,0,9.966141914424394,9.987909989553039,0.1209001044696123,0.10884037564320437,0.04242694137405077
336048,AEGIS_001,784,790,-8,-1,802.5,790.0,NORMAL,0,10.048755986670887,10.008191988592323,-0.0819198859232273,-0.2028199903928396,0.04161995880790731
337048,AEGIS_001,790,791,6,1,801.7,791.6,NORMAL,0,9.992647130924894,10.003010369369846,-0.03010369369846444,0.05181619222476286,0.03479914206185832
338048,AEGIS_001,802,795,12,4,799.7,791.4,NORMAL,0,9.958725140160375,9.988248626300024,0.11751373699976142,0.14761743069822586,0.03458404111518293
339048,AEGIS_001,789,789,-13,-6,799.1,791.7,NORMAL,0,9.98393070791735,9.986809320172465,0.13190679827534524,0.014393061275583818,0.03239407789938199
340048,AEGIS_001,795,786,6,-3,799.5,791.3,NORMAL,0,10.020646572713781,9.998088404352904,0.01911595647095865,-0.11279084180438659,0.031313385691996785
341048,AEGIS_001,709,708,-86,-78,790.9,782.6,NORMAL,0,9.971813772359802,9.989330193688538,0.10669806311462082,0.08758210664366217,0.029452406733298728
342048,AEGIS_001,646,649,-63,-59,776.4,768.4,NORMAL,0,9.958888980221678,9.979183122532918,0.2081687746708205,0.10147071155619969,0.030787190624445057
343048,AEGIS_001,768,778,122,129,766.6,767.1,NORMAL,0,10.012184360574595,9.990183535213477,0.09816464786522872,-0.1100041268055918,0.029688916618630445
344048,AEGIS_001,768,772,0,-6,764.3,764.9,NORMAL,0,10.012248328555437,9.997538466327464,0.02461533672535765,-0.07354931113987107,0.030186281701877912
345048,AEGIS_001,769,767,1,-5,762.0,762.5,NORMAL,0,9.974652841231444,9.98990992462879,0.1009007537120965,0.07628541698673885,0.02946892934673341
346048,AEGIS_001,768,766,-1,-1,760.4,760.1,NORMAL,0,9.976448084719085,9.98542264465889,0.14577355341110376,0.04487279969900726,0.02241809911498736
347048,AEGIS_001,768,752,0,-14,758.2,756.2,NORMAL,0,10.011602496867882,9.994149262061887,0.05850737938112971,-0.08726617402997405,0.02378194094861628
348048,AEGIS_001,737,751,-31,-1,751.7,751.8,NORMAL,0,9.927595782925135,9.971964769016303,0.2803523098369709,0.2218449304558412,0.02942425353882885
349048,AEGIS_001,747,744,10,-7,747.5,747.3,NORMAL,0,9.929626811281173,9.957852116437927,0.4214788356207322,0.14112652578376128,0.03425778928378643
350048,AEGIS_001,750,745,3,1,743.0,743.2,NORMAL,0,9.964077788937379,9.95992734060441,0.4007265939558913,-0.02075224166484091,0.03126086842698666
351048,AEGIS_001,752,752,2,7,747.3,747.6,NORMAL,0,9.989327642414407,9.969727441207743,0.30272558792256987,-0.0980010060333214,0.03161869267875861
352048,AEGIS_001,752,754,0,2,757.9,758.1,NORMAL,0,10.015545378279901,9.985000086898463,0.14999913101537032,-0.15272645690719955,0.033309416754339884
353048,AEGIS_001,752,752,0,-2,756.3,755.5,NORMAL,0,10.073767810847478,10.014589328214802,-0.14589328214801967,-0.29589241316339,0.043715040852593395
354048,AEGIS_001,769,755,17,3,756.4,753.8,NORMAL,0,10.042882981160101,10.024020545863236,-0.24020545863235654,-0.09431217648433687,0.04661979265181746
355048,AEGIS_001,753,757,-16,2,754.8,752.8,NORMAL,0,9.992003073501829,10.0133480550761,-0.13348055076100707,0.10672490787134947,0.046283952671099665
356048,AEGIS_001,759,761,6,4,753.9,752.3,NORMAL,0,9.999049189604866,10.00858176658569,-0.08581766585690431,0.047662884904102754,0.04597532908776982
357048,AEGIS_001,752,752,-7,-9,752.3,752.3,NORMAL,0,9.949873531768109,9.989012354979831,0.10987645020168912,0.19569411605859344,0.04754818702757583
358048,AEGIS_001,751,751,-1,-1,753.7,752.3,NORMAL,0,9.99907434320038,9.992366351053349,0.07633648946651306,-0.033539960735176066,0.04250086953088272
359048,AEGIS_001,751,752,0,1,754.1,753.1,NORMAL,0,9.985567068053992,9.990099923386897,0.09900076613103437,0.02266427666452131,0.03605676553857443
360048,AEGIS_001,752,747,1,-5,754.3,753.3,NORMAL,0,10.016135928016904,9.9987785915969,0.012214084031008099,-0.08678668210002627,0.03380250737116757
361048,AEGIS_001,739,738,-13,-9,753.0,751.9,NORMAL,0,9.958638452822385,9.985398545338729,0.14601454661271163,0.13380046258170353,0.03677900673200721
362048,AEGIS_001,724,729,-15,-9,750.2,749.4,NORMAL,0,10.025967325712058,9.998921472129839,0.010785278701614942,-0.13522926791109668,0.03730984110056468
363048,AEGIS_001,695,697,-29,-32,744.5,743.9,NORMAL,0,10.07663694565013,10.024826629969937,-0.24826629969936675,-0.2590515784009817,0.037909651479505535
364048,AEGIS_001,795,799,100,102,747.1,748.3,NORMAL,0,9.994561992577157,10.014738417505678,-0.14738417505677504,0.10088212464259172,0.03548756292535011
365048,AEGIS_001,688,691,-107,-108,740.6,741.7,NORMAL,0,10.020085586104948,10.016520807038768,-0.16520807038768126,-0.017823895330906225,0.0359148970135379
366048,AEGIS_001,791,800,103,109,743.8,745.6,NORMAL,0,10.034507199585555,10.022516271221031,-0.22516271221030948,-0.05995464182262822,0.03725521217842301
367048,AEGIS_001,802,794,11,-6,748.8,749.8,NORMAL,0,9.979938976405709,10.008323839615924,-0.083238396159242,0.14192431605106748,0.033206185778442796
368048,AEGIS_001,806,799,4,5,754.3,754.6,NORMAL,0,10.01120462409052,10.009284101107458,-0.09284101107457587,-0.009602614915333874,0.033019829249926025
369048,AEGIS_001,805,774,-1,-25,759.7,756.8,NORMAL,0,10.00062962003909,10.00639927408467,-0.0639927408466967,0.02884827022787917,0.03209561590194666
370048,AEGIS_001,805,812,0,38,765.0,763.3,NORMAL,0,10.004883804927442,10.005894117698928,-0.05894117698927559,0.005051563857421115,0.03212513656038149
371048,AEGIS_001,806,813,1,1,771.7,770.8,NORMAL,0,9.961349510807226,9.991045915401696,0.0895408459830449,0.1484820229723205,0.031644766341090494
372048,AEGIS_001,810,800,4,-13,780.3,777.9,NORMAL,0,10.001225508712947,9.994439113172113,0.05560886827886691,-0.033931977704177996,0.031307906802157115
373048,AEGIS_001,803,809,-7,9,791.1,789.1,NORMAL,0,10.024899914562273,10.0045927136355,-0.045927136354997344,-0.10153600463386425,0.021552398675486025
374048,AEGIS_001,808,800,5,-9,792.4,789.2,NORMAL,0,10.072557180389753,10.027247535886918,-0.27247535886917973,-0.22654822251418238,0.030346076981894843
375048,AEGIS_001,803,814,-5,14,803.9,801.5,NORMAL,0,10.047963541304261,10.034152871026032,-0.3415287102603237,-0.06905335139114399,0.03246681976856835
376048,AEGIS_001,807,814,4,0,805.5,802.9,NORMAL,0,10.107659122875578,10.058654954975882,-0.5865495497588213,-0.24502083949849762,0.043862799240025105
377048,AEGIS_001,808,807,1,-7,806.1,804.2,NORMAL,0,9.961632621855598,10.026314177269121,-0.2631417726912133,0.32340777706760804,0.04610246585732077
378048,AEGIS_001,774,770,-34,-37,802.9,801.3,NORMAL,0,10.043616031836034,10.03208146212476,-0.32081462124759597,-0.05767284855638266,0.04659888288348616
379048,AEGIS_001,799,795,25,25,802.3,803.4,NORMAL,0,10.009167100286918,10.024443341512146,-0.24443341512146333,0.07638120612613264,0.046227514094081594
380048,AEGIS_001,841,793,42,-2,805.9,801.5,NORMAL,0,10.109490146660884,10.052792276561727,-0.5279227656172658,-0.2834893504958025,0.05290168741350964
381048,AEGIS_001,796,795,-45,2,804.9,799.7,NORMAL,0,9.959585085732243,10.0217232129519,-0.21723212951899384,0.31069063609827197,0.05317300517808621
382048,AEGIS_001,789,788,-7,-7,802.8,798.5,NORMAL,0,9.958013907890962,10.000486777931588,-0.004867779315880227,0.21236435020311362,0.057677518738733766
383048,AEGIS_001,779,784,-10,-4,800.4,796.0,NORMAL,0,9.9700303677278,9.990334641196991,0.09665358803008672,0.10152136734596695,0.06069057879868946
384048,AEGIS_001,801,784,22,0,799.7,794.4,NORMAL,0,9.89380521378451,9.958158165392831,0.4184183460716895,0.32176475804160276,0.07034643493731212
385048,AEGIS_001,774,784,-27,0,796.8,791.4,NORMAL,0,9.973712248915962,9.963342859900543,0.3665714009945731,-0.0518469450771164,0.06934785559603517
386048,AEGIS_001,766,778,-8,-6,792.7,787.8,NORMAL,0,9.962043366922314,9.962909695574467,0.3709030442553285,0.004331643260755413,0.05833329259771353
387048,AEGIS_001,783,790,17,12,790.2,786.1,NORMAL,0,10.00751968932381,9.977779693490916,0.22220306509083798,-0.14869997916449051,0.0581733155955412
388048,AEGIS_001,752,778,-31,-12,788.0,786.9,NORMAL,0,10.017087798788857,9.990882395256897,0.09117604743103414,-0.13102701765980385,0.055953199021882685
389048,AEGIS_001,771,755,19,-23,785.2,782.9,NORMAL,0,10.093808541960794,10.025191110824863,-0.2519111082486347,-0.34308715567966885,0.06543758096852664
390048,AEGIS_001,787,769,16,14,779.8,780.5,NORMAL,0,10.047521191909302,10.032634471186343,-0.32634471186343106,-0.07443360361479634,0.05552215295160139
391048,AEGIS_001,767,768,-20,-1,776.9,777.8,NORMAL,0,9.97115481721688,10.012141253196523,-0.12141253196523039,0.20493217989820067,0.05497485840645718
392048,AEGIS_001,767,761,0,-7,774.7,775.1,NORMAL,0,9.955079266432582,9.993120590941876,0.06879409058123898,0.19020662254646936,0.05516892185497762
393048,AEGIS_001,765,768,-2,7,773.3,773.5,NORMAL,0,10.024595958575325,10.003612380153026,-0.03612380153025896,-0.10491789211149793,0.05576014107301514
394048,AEGIS_001,761,768,-4,0,769.3,771.9,NORMAL,0,9.933988339648968,9.980404366651673,0.19595633348327368,0.23208013501353264,0.048685863002938395
395048,AEGIS_001,762,763,1,-5,768.1,769.8,NORMAL,0,10.091572938292718,10.017460557198689,-0.17460557198688775,-0.37056190547016143,0.055733713771297384
396048,AEGIS_001,774,777,12,14,768.9,769.7,NORMAL,0,10.058972006036065,10.031297706811149,-0.3129770681114863,-0.13837149612459854,0.054803053066159665
397048,AEGIS_001,762,759,-12,-18,766.8,766.6,NORMAL,0,9.976541217394765,10.013045543672355,-0.1304554367235511,0.1825216313879352,0.0564460120489661
398048,AEGIS_001,768,768,6,9,768.4,765.6,NORMAL,0,9.914343273545455,9.98014478696339,0.19855213036610309,0.3290075670896542,0.0651193270777043
399048,AEGIS_001,766,794,-2,26,767.9,769.5,NORMAL,0,10.06769361870827,10.00932773087835,-0.09327730878350593,-0.291829439149609,0.06167286625638074
400048,AEGIS_001,770,771,4,-23,766.2,769.7,NORMAL,0,9.99427300773737,10.004309489831357,-0.043094898313569274,0.050182410469936656,0.05978149255271724
401048,AEGIS_001,761,764,-9,-7,765.6,769.3,NORMAL,0,10.061890815598673,10.023503265087129,-0.23503265087128966,-0.1919377525577204,0.06196185462526481
402048,AEGIS_001,770,771,9,7,765.9,770.3,NORMAL,0,9.920278617060282,9.98909504907818,0.10904950921819534,0.344082160089485,0.06609712236221572
403048,AEGIS_001,774,773,4,2,766.8,770.8,NORMAL,0,9.970031248852312,9.982740449002891,0.1725955099710852,0.06354600075288985,0.06649703794319844
404048,AEGIS_001,794,781,20,8,770.1,772.1,NORMAL,0,10.000262184985909,9.988581027663898,0.11418972336102229,-0.058405786610062904,0.062483828129469995
405048,AEGIS_001,784,794,-10,13,772.3,775.2,NORMAL,0,10.002349029688236,9.99317036167201,0.06829638327989329,-0.045893340081129,0.05473032239664309
406048,AEGIS_001,778,781,-6,-13,772.7,775.6,NORMAL,0,9.977496726426038,9.98794581659002,0.12054183409979657,0.05224545081990328,0.050310002531303855
407048,AEGIS_001,782,784,4,3,774.7,778.1,NORMAL,0,10.031142496617376,10.002344709932473,-0.023447099324727105,-0.14398893342452368,0.05180665214445757
408048,AEGIS_001,782,784,0,0,776.1,779.7,NORMAL,0,9.94661897853087,9.983769466131939,0.1623053386806106,0.1857524380053377,0.04708444013467011
409048,AEGIS_001,771,770,-11,-14,776.6,777.3,NORMAL,0,9.992881025748936,9.98680665267094,0.13193347329060856,-0.03037186539000203,0.040059207382771106
410048,AEGIS_001,790,782,19,12,778.6,778.4,NORMAL,0,10.006014781585595,9.993209362309159,0.06790637690841095,-0.06402709638219761,0.04037822198860875
411048,AEGIS_001,784,795,-6,13,780.9,781.5,NORMAL,0,10.025721941702937,10.004046888773752,-0.04046888773752144,-0.10837526464593239,0.03450509405949248
412048,AEGIS_001,765,784,-19,-11,780.4,782.8,NORMAL,0,10.035580743904445,10.014558173817317,-0.14558173817317055,-0.10511285043564911,0.028342744724634106
413048,AEGIS_001,802,784,37,0,783.2,783.9,NORMAL,0,9.943767895408106,9.99096141434758,0.09038585652419329,0.23596759469736384,0.032252883714442994
414048,AEGIS_001,789,779,-13,-5,782.7,783.7,NORMAL,0,9.923294291463218,9.96840570671946,0.3159429328053953,0.22555707628120203,0.03953345185942464
415048,AEGIS_001,783,790,-6,11,782.6,783.3,NORMAL,0,10.063883841094926,10.000231751511283,-0.0023175151128285165,-0.31826044791822383,0.046163892251339295
416048,AEGIS_001,784,816,1,26,783.2,786.8,NORMAL,0,10.01661570059898,10.00569306787385,-0.056930678738496,-0.05461316362566748,0.0462071824671205
417048,AEGIS_001,731,756,-53,-60,778.1,784.0,NORMAL,0,9.962575673172172,9.99132060297329,0.08679397026709168,0.14372464900558768,0.045920186030058215
418048,AEGIS_001,775,774,44,18,777.4,783.0,NORMAL,0,10.077557598776126,10.020066268240903,-0.20066268240903185,-0.2874566526761235,0.05011530003343724
419048,AEGIS_001,762,771,-13,-3,776.5,783.1,NORMAL,0,10.005783731714644,10.015305422732151,-0.15305422732151186,0.047608455087519985,0.04994043376337282
420048,AEGIS_001,781,783,19,12,775.6,783.2,NORMAL,0,10.058964859203192,10.029858568222497,-0.2985856822249744,-0.14553145490346253,0.052665501649546954
421048,AEGIS_001,719,780,-62,-3,769.1,781.7,NORMAL,0,10.003375924070506,10.021031020171833,-0.21031020171832893,0.08827548050664547,0.052462785716700905
422048,AEGIS_001,724,766,5,-14,765.0,779.9,NORMAL,0,10.1030373962441,10.04836647886259,-0.48366478862590156,-0.27335458690757264,0.0600311581647306
423048,AEGIS_001,663,662,-61,-104,751.1,767.7,NORMAL,0,10.08776704212216,10.061499999949113,-0.6149999994911326,-0.13133521086523103,0.05804790768340635
424048,AEGIS_001,789,793,126,131,751.1,769.1,NORMAL,0,9.987551792576046,10.036850597491425,-0.3685059749142461,0.24649402457688652,0.047483530567163576
425048,AEGIS_001,783,784,-6,-9,751.1,768.5,NORMAL,0,10.048578547547718,10.040759914176856,-0.40759914176856427,-0.039093166854318184,0.04675138995287961
426048,AEGIS_001,788,789,5,5,751.5,765.8,NORMAL,0,10.032268797479258,10.037929541944324,-0.37929541944324185,0.02830372232532241,0.04632079713935634
427048,AEGIS_001,778,748,-10,-41,756.2,765.0,NORMAL,0,10.068431577876618,10.048096887255088,-0.48096887255088205,-0.1016734531076402,0.03900528252238048
428048,AEGIS_001,726,773,-52,25,751.3,764.9,NORMAL,0,9.951753826970995,10.015982533827058,-0.15982533827058276,0.3211435342802993,0.04752961798360966
429048,AEGIS_001,763,769,37,-4,751.4,764.7,NORMAL,0,10.034302572999922,10.022089213551347,-0.22089213551346631,-0.06106679724288355,0.04644151322515831
430048,AEGIS_001,757,759,-6,-10,749.0,762.3,NORMAL,0,10.05292122434248,10.032366550481726,-0.32366550481725653,-0.10277336930379022,0.04617117498666543
431048,AEGIS_001,756,763,-1,4,752.7,760.6,NORMAL,0,9.912063025678844,9.992265375547433,0.07734624452567118,0.4010117493429277,0.06039743813510316
432048,AEGIS_001,761,733,5,-30,756.4,757.3,NORMAL,0,9.940837074366712,9.975122608487194,0.24877391512806213,0.17142767060239095,0.059743496269888105
433048,AEGIS_001,785,772,24,39,768.6,768.3,NORMAL,0,9.898038391111996,9.949427869362129,0.5057213063787103,0.25694739125064814,0.06292564857328346
434048,AEGIS_001,767,765,-18,-7,766.4,765.5,NORMAL,0,9.986529658277773,9.96179513233401,0.38204867665989184,-0.12367262971881843,0.06293572389721487
435048,AEGIS_001,778,781,11,16,765.9,765.2,NORMAL,0,10.035877112789798,9.986489125819274,0.13510874180726162,-0.24693993485263022,0.061797722714310374
436048,AEGIS_001,777,775,-1,-6,764.8,763.8,NORMAL,0,10.075117852604802,10.016032034747784,-0.16032034747784252,-0.29542908928510414,0.06627703921160176
437048,AEGIS_001,775,775,-2,0,764.5,766.5,NORMAL,0,10.00370473902099,10.011922936172187,-0.11922936172187093,0.04109098575597159,0.061350044941160996
438048,AEGIS_001,770,771,-5,-4,768.9,766.3,NORMAL,0,10.081430777278564,10.03509221654098,-0.35092216540979493,-0.231692803687924,0.06609698576457275
439048,AEGIS_001,770,775,0,4,769.6,766.9,NORMAL,0,9.930994927089255,10.000393120057073,-0.0039312005707259345,0.346990964839069,0.06853005306725604
440048,AEGIS_001,769,767,-1,-8,770.8,767.7,NORMAL,0,9.914830878032243,9.971872372715463,0.2812762728453677,0.28520747341609365,0.06874708889895126
441048,AEGIS_001,767,770,-2,3,771.9,768.4,NORMAL,0,9.997222615055168,9.980322453495365,0.19677546504635046,-0.08450080779901725,0.06484329128658316
442048,AEGIS_001,784,799,17,29,774.2,775.0,NORMAL,0,10.019203272446966,9.993282726479233,0.06717273520767009,-0.12960272983868037,0.06343734147531968
443048,AEGIS_001,811,777,27,-22,776.8,775.5,NORMAL,0,9.998365262595295,9.994976905184586,0.05023094815413742,-0.016941787053532664,0.053710485548966465
444048,AEGIS_001,774,781,-37,4,777.5,777.1,NORMAL,0,9.896627894998007,9.96219390178906,0.3780609821093961,0.32783003395525867,0.06362877846187275
445048,AEGIS_001,777,774,3,-7,777.4,776.4,NORMAL,0,9.995543998024361,9.973310600534163,0.2668939946583748,-0.11116698745102127,0.062031803792686045
446048,AEGIS_001,775,777,-2,3,777.2,776.6,NORMAL,0,9.934776524974758,9.960465908681028,0.39534091318971676,0.12844691853134194,0.0566005389526415
447048,AEGIS_001,779,771,4,-6,777.6,776.2,NORMAL,0,10.033483627441502,9.984805148267853,0.15194851732147185,-0.2433923958682449,0.05888320082377613
448048,AEGIS_001,775,774,-4,3,778.1,776.5,NORMAL,0,10.018329912304843,9.995980069613516,0.0401993038648385,-0.11174921345663336,0.04946287604718905
449048,AEGIS_001,775,701,0,-73,778.6,769.1,NORMAL,0,9.953006010683632,9.981655383303554,0.18344616696445826,0.14324686309961976,0.04780141982170288
450048,AEGIS_001,779,778,4,77,779.6,770.2,NORMAL,0,9.974306654133166,9.979205806913425,0.20794193086574708,0.024495763901288825,0.042759945628772014
451048,AEGIS_001,753,753,-26,-25,778.2,768.5,NORMAL,0,9.947039323905553,9.968483645910801,0.3151635408919873,0.1072216100262402,0.0437201842639308
452048,AEGIS_001,752,729,-1,-24,775.0,761.5,NORMAL,0,9.996866045136342,9.977944445652648,0.22055554347351958,-0.0946079974184677,0.0418592720769338
453048,AEGIS_001,742,749,-10,20,768.1,758.7,NORMAL,0,10.047757116025062,10.001215335776786,-0.012153357767861195,-0.23270890124138077,0.047480804354489356
454048,AEGIS_001,757,765,15,16,766.4,757.1,NORMAL,0,9.950713697683224,9.984381456412265,0.15618543587734735,0.16833879364520854,0.039339789463281524
455048,AEGIS_001,765,754,8,-11,765.2,755.1,NORMAL,0,10.025202325775892,9.997988412866807,0.0201158713319316,-0.13606956454541574,0.041277984290512076
456048,AEGIS_001,763,752,-2,-2,764.0,752.6,NORMAL,0,9.973487119081378,9.98982131493833,0.10178685061669412,0.08167097928476252,0.03734436499495158
457048,AEGIS_001,751,739,-12,-13,761.2,749.4,NORMAL,0,9.960356358386882,9.979999662754516,0.20000337245484445,0.09821652183815033,0.03543364528762962
458048,AEGIS_001,730,752,-21,13,756.7,747.2,NORMAL,0,9.994648482002273,9.984882602503768,0.15117397496231533,-0.048829397492529125,0.03368500331191087
459048,AEGIS_001,740,743,10,-9,753.2,751.4,NORMAL,0,9.948237883879031,9.972667696295524,0.27332303704476146,0.12214906208244614,0.034176497511734884
460048,AEGIS_001,730,772,-10,29,748.3,750.8,NORMAL,0,9.97231753473264,9.972550975774563,0.274490242254366,0.0011672052096045604,0.03423109820562921
461048,AEGIS_001,722,726,-8,-46,745.2,748.1,NORMAL,0,9.940106105370557,9.961736018973228,0.3826398102677153,0.1081495680133493,0.03507020997384435
462048,AEGIS_001,735,725,13,-1,743.5,747.7,NORMAL,0,10.09823625664582,10.007236098197426,-0.07236098197425989,-0.4550007922419752,0.05114307166597992
463048,AEGIS_001,725,721,-10,-4,741.8,744.9,NORMAL,0,10.001763177598587,10.005411791331147,-0.05411791331146887,0.018243068662791018,0.04741452280312938
464048,AEGIS_001,719,718,-6,-3,738.0,740.2,NORMAL,0,9.965013724600372,9.991945769087556,0.08054230912444282,0.1346602224359117,0.04642028663540321
465048,AEGIS_001,707,710,-12,-8,732.2,735.8,NORMAL,0,10.01069899553671,9.998196844570607,0.018031554293926888,-0.06251075483051594,0.04534062856174708
466048,AEGIS_001,720,711,13,1,727.9,731.7,NORMAL,0,9.994383597515458,9.996925762218892,0.0307423778110838,0.01271082351715691,0.045156105386978125
467048,AEGIS_001,704,704,-16,-7,723.2,728.2,NORMAL,0,9.988951520023338,9.994267681487042,0.05732318512958301,0.02658080731849921,0.044062678962394346
468048,AEGIS_001,703,702,-1,-2,720.5,723.2,NORMAL,0,10.03070833500217,10.006414565992085,-0.06414565992084675,-0.12146884505042976,0.04579624157775215
469048,AEGIS_001,709,710,6,8,717.4,719.9,NORMAL,0,10.037875385502366,10.016901505828844,-0.1690150582884442,-0.10486939836759746,0.044367528889123924
470048,AEGIS_001,706,704,-3,-6,715.0,713.1,NORMAL,0,9.973474942619474,10.002425984759055,-0.024259847590553107,0.1447552106978911,0.04427709778515659
471048,AEGIS_001,702,704,-4,0,713.0,710.9,NORMAL,0,9.971209087967766,9.992020352495294,0.07979647504706477,0.10405632263761788,0.04018386556877695
472048,AEGIS_001,692,720,-10,16,708.7,710.4,NORMAL,0,9.986247415142417,9.990096040044335,0.09903959955664732,0.019243124509582543,0.024578680931235757
473048,AEGIS_001,720,711,28,-9,708.2,709.4,NORMAL,0,9.884903941763222,9.955032007283965,0.44967992716035354,0.3506403276037062,0.04267205605409069
474048,AEGIS_001,658,705,-62,-6,702.1,708.1,NORMAL,0,9.924240446890073,9.944768153819336,0.5523184618066423,0.1026385346462888,0.046500765316904814
475048,AEGIS_001,693,701,35,-4,700.7,707.2,NORMAL,0,10.068343713372226,9.985960007003634,0.1403999299636638,-0.41191853184297855,0.05370674222684611
476048,AEGIS_001,742,698,49,-3,702.9,705.9,NORMAL,0,10.082248385675063,10.018056133227443,-0.18056133227442928,-0.32096126223809307,0.06180185716754147
477048,AEGIS_001,703,702,-39,4,702.8,705.7,NORMAL,0,9.98754819802218,10.007886821492356,-0.07886821492355978,0.1016931173508695,0.06181825508028082
478048,AEGIS_001,698,690,-5,-12,702.3,704.5,NORMAL,0,10.028827848152789,10.014867163712502,-0.14867163712501963,-0.06980342220145985,0.06169922643330617
479048,AEGIS_001,711,710,13,20,702.5,704.5,NORMAL,0,10.015562507727177,10.015098945050728,-0.15098945050727508,-0.0023178133822554514,0.06034457515499514
480048,AEGIS_001,695,701,-16,-9,701.4,704.2,NORMAL,0,10.153944040422761,10.061380643508073,-0.6138064350807326,-0.46281698457345755,0.0783899912996162
481048,AEGIS_001,707,691,12,-10,701.9,702.9,NORMAL,0,10.055978745571728,10.059580010862625,-0.5958001086262499,0.018006326454482746,0.07827550636256389
482048,AEGIS_001,718,709,11,18,704.5,701.8,NORMAL,0,9.993604120425962,10.037588047383737,-0.37588047383737333,0.21991963478887655,0.07796970296417126
483048,AEGIS_001,693,691,-25,-18,701.8,699.8,NORMAL,0,9.95222297796998,10.009133024245818,-0.09133024245818078,0.28455023137919255,0.0672207522276057
484048,AEGIS_001,720,713,27,22,708.0,700.6,NORMAL,0,9.919677683987121,9.97931457749292,0.20685422507080276,0.29818446752898353,0.06800107242107797
485048,AEGIS_001,691,707,-29,-6,707.8,701.2,NORMAL,0,10.01017318179336,9.9896007789264,0.10399221073599918,-0.10286201433480358,0.06642679799061281
486048,AEGIS_001,709,735,18,28,704.5,704.9,NORMAL,0,9.962182462735784,9.980461340196195,0.19538659803805203,0.09139438730205285,0.06475080496051855
487048,AEGIS_001,707,709,-2,-26,704.9,705.6,NORMAL,0,9.928887314520116,9.963269998304169,0.36730001695831405,0.17191341892026202,0.06930381365225967
488048,AEGIS_001,711,717,4,8,706.2,708.3,NORMAL,0,9.967671355787873,9.964737117465404,0.35262882534595974,-0.014671191612354306,0.06938207740250595
489048,AEGIS_001,701,698,-10,-19,705.2,707.1,NORMAL,0,9.94592259981928,9.958465611583364,0.4153438841663615,0.06271505882040174,0.07068207769373017
490048,AEGIS_001,720,713,19,15,707.7,708.3,NORMAL,0,10.084357081753629,10.000429434973451,-0.004294349734514924,-0.4196382339008764,0.054128948884235265
491048,AEGIS_001,709,678,-11,-35,707.9,707.0,NORMAL,0,10.044081987847473,10.01498028593146,-0.14980285931459392,-0.145508509580079,0.05242800902056608
492048,AEGIS_001,699,699,-10,21,706.0,706.0,NORMAL,0,9.999601367934169,10.009853979932362,-0.09853979932362478,0.05126305999096914,0.052623693351034555
493048,AEGIS_001,713,688,14,-11,708.0,705.7,NORMAL,0,10.073997206944501,10.031235055603076,-0.3123505560307649,-0.21381075670714011,0.05882589881040675
494048,AEGIS_001,703,695,-10,7,706.3,703.9,NORMAL,0,10.003868415382382,10.02211284219618,-0.22112842196179372,0.09122213406897117,0.052775417479956975
495048,AEGIS_001,698,703,-5,8,707.0,703.5,NORMAL,0,9.956935789933587,10.00038715810865,-0.003871581086496434,0.21725684087529729,0.05452387158733233
496048,AEGIS_001,713,720,15,17,707.4,702.0,NORMAL,0,10.076156203863484,10.025643506693594,-0.25643506693594276,-0.2525634858494463,0.0582780453357337
497048,AEGIS_001,704,713,-9,-7,707.1,702.4,NORMAL,0,10.026945502184233,10.026077505190475,-0.26077505190475136,-0.004339984968808608,0.051290607093169405
498048,AEGIS_001,717,721,13,8,707.7,702.8,NORMAL,0,9.948137692283677,10.000097567554876,-0.0009756755487622115,0.25979937635598915,0.05373219992080253
499048,AEGIS_001,715,707,-2,-14,709.1,703.7,NORMAL,0,9.99048306609582,9.99689273373519,0.03107266264809283,0.03204833819685504,0.04890582544942961
500048,AEGIS_001,683,709,-32,2,705.4,703.3,NORMAL,0,9.956219087330762,9.983334851600382,0.16665148399617635,0.13557882134808352,0.04705460960734593
501048,AEGIS_001,711,721,28,12,705.6,707.6,NORMAL,0,9.930860013451783,9.965843238884183,0.3415676111581689,0.17491612716199256,0.050786097037914125
502048,AEGIS_001,708,706,-3,-15,706.5,708.3,NORMAL,0,10.046308877376582,9.99266511838165,0.07334881618350053,-0.2682187949746684,0.05321128704463591
503048,AEGIS_001,720,714,12,8,707.2,710.9,NORMAL,0,10.095470832023507,10.026933689595602,-0.26933689595601606,-0.3426857121395166,0.056797283193855866
504048,AEGIS_001,711,704,-9,-10,708.0,711.8,NORMAL,0,9.930071621309043,9.994646333500082,0.05353666499917864,0.3228735609551947,0.06130708567970054
505048,AEGIS_001,702,711,-9,7,708.4,712.6,NORMAL,0,10.028148461834528,10.005813709611564,-0.05813709611564022,-0.11167376111481886,0.060426041701848336
506048,AEGIS_001,692,691,-10,-20,706.3,709.7,NORMAL,0,9.967467871543908,9.993031763589013,0.06968236410987316,0.12781946022551338,0.05534245867231512
507048,AEGIS_001,718,711,26,20,707.7,709.5,NORMAL,0,9.975643730811765,9.987235752663263,0.12764247336736645,0.057960109257493286,0.05410832911064865
508048,AEGIS_001,724,733,6,22,708.4,710.7,NORMAL,0,9.970380303788057,9.981617269704861,0.18382730295138927,0.05618482958402282,0.052779574794739555
509048,AEGIS_001,768,781,44,48,713.7,718.1,NORMAL,0,9.956800461516009,9.973345000308576,0.266549996914236,0.0827226939628467,0.05374777518439978
510048,AEGIS_001,755,752,-13,-29,720.9,722.4,NORMAL,0,10.00242608139724,9.983038694004797,0.16961305995202736,-0.09693693696220862,0.05290778982936387
511048,AEGIS_001,729,727,-26,-25,722.7,723.0,NORMAL,0,9.958452494179449,9.974843294063016,0.2515670593698438,0.08195399941781645,0.050105371247052326
512048,AEGIS_001,722,725,-7,-2,724.1,724.9,NORMAL,0,10.013522841288992,9.987736476471675,0.12263523528325493,-0.12893182408658888,0.04722813309239547
513048,AEGIS_001,690,701,-32,-24,721.1,723.6,NORMAL,0,9.997488094527544,9.990987015823631,0.09012984176369088,-0.03250539351956405,0.029841671379560702
514048,AEGIS_001,688,699,-2,-2,718.8,723.1,NORMAL,0,9.98805259765668,9.990008876434647,0.09991123565352922,0.009781393889838341,0.02414283628027039
515048,AEGIS_001,709,717,21,18,719.5,723.7,NORMAL,0,9.95462181689792,9.978213189922405,0.21786810077594865,0.11795686512241943,0.020788859891793146
516048,AEGIS_001,723,704,14,-13,722.6,725.0,NORMAL,0,9.971161433471583,9.975862604438799,0.24137395561201203,0.023505854836063378,0.020603340825503177
517048,AEGIS_001,707,707,-16,3,721.5,724.6,NORMAL,0,10.037769561291288,9.996498256722962,0.03501743277038116,-0.20635652284163086,0.027678977330614862
518048,AEGIS_001,706,704,-1,-3,719.7,721.7,NORMAL,0,10.025045859381219,10.006014124275715,-0.0601412427571546,-0.09515867552753576,0.02977479874689208
519048,AEGIS_001,704,687,-2,-17,713.3,712.3,NORMAL,0,9.951122237760073,9.987716828770502,0.1228317122949818,0.1829729550521364,0.030534061737108247
520048,AEGIS_001,695,673,-9,-14,707.3,704.4,NORMAL,0,10.004966615271462,9.993466757604155,0.06533242395844852,-0.05749928833653328,0.030659561135075557
521048,AEGIS_001,691,689,-4,16,703.5,700.6,NORMAL,0,10.03756935616859,10.0081676237923,-0.0816762379229985,-0.147008661881447,0.03174002261271046
522048,AEGIS_001,699,700,8,11,701.2,698.1,NORMAL,0,9.916529735943932,9.977621661176178,0.2237833882382212,0.3054596261612197,0.04020524371500205
523048,AEGIS_001,691,693,-8,-7,701.3,697.3,NORMAL,0,10.027168009618997,9.994137110657118,0.058628893428824824,-0.16515449480939637,0.042003289652137434
524048,AEGIS_001,697,693,6,0,702.2,696.7,NORMAL,0,9.966868812052708,9.98504767778898,0.1495232221101972,0.09089432868137237,0.04271899978134828
525048,AEGIS_001,685,693,-12,0,699.8,694.3,NORMAL,0,10.028529933429658,9.99954176300254,0.004582369974599487,-0.1449408521355977,0.04244865745901916
526048,AEGIS_001,695,691,10,-2,697.0,693.0,NORMAL,0,9.961837042172874,9.986973522725986,0.1302647727401407,0.1256824027655412,0.043167643596532294
527048,AEGIS_001,701,695,6,4,696.4,691.8,NORMAL,0,9.909755894966773,9.961234313472916,0.38765686527083787,0.25739209253069717,0.04802687314553027
528048,AEGIS_001,686,691,-15,-4,694.4,690.5,NORMAL,0,9.918622878105841,9.94703050168389,0.5296949831610931,0.14203811789025522,0.04943041142036999
529048,AEGIS_001,688,691,2,0,692.8,690.9,NORMAL,0,10.00240424733307,9.965488416900284,0.3451158309971625,-0.18457915216393062,0.04964918731244663
530048,AEGIS_001,692,693,4,2,692.5,692.9,NORMAL,0,10.012986125086075,9.981320986295547,0.1867901370445324,-0.15832569395263008,0.050205128057005534
531048,AEGIS_001,692,698,0,5,692.6,693.8,NORMAL,0,9.95478416874478,9.972475380445292,0.2752461955470764,0.08845605850254401,0.045980358145237016
532048,AEGIS_001,699,693,7,-5,692.6,693.1,NORMAL,0,10.031929622938868,9.992293461276486,0.07706538723514456,-0.19818080831193186,0.045563239608890416
533048,AEGIS_001,727,724,28,31,696.2,696.2,NORMAL,0,9.916923996886553,9.967170306479842,0.3282969352015819,0.2512315479664373,0.04660794007744396
